id,domain,status,purchase_price,renewal_price,attractiveness,demand,length,registrar,created_at,expires_at,status_verified_at
ffa2bd7c-be60-47aa-9efe-c41a84af0ce7,neutrality.codes,available,8.99,71.99,high,low,10,namesilo,,,29/09/2026 15:55
ea15bee9-15b3-4227-b211-27fd09e61d35,catechetic.codes,available,3.98,92.98,medium,low,10,namecheap,,,11/08/2026 21:25
5dbec0c4-3a90-4fa4-a659-3885d70ee3ea,calender.codes,available,3.98,92.98,high,low,8,namecheap,,,29/09/2026 05:50
99e5e526-c601-40cd-ac6f-907464a9dbbb,backblast.codes,available,8.99,71.99,medium,low,9,namesilo,,,21/09/2026 14:26
51c49c99-7b19-49fc-9c3e-f36cd1c020bf,richest.codes,available,3.31,57.13,medium,low,7,spaceship,,,28/09/2026 12:54
f4603e9f-61f8-4f59-bbc5-10e9c2705405,spurs.codes,available,55.2,55.2,high,low,5,cloudflare,,,29/09/2026 09:52
cfc6a821-9e6a-4177-9806-333106ce0260,pixilated.codes,available,3.98,92.98,low,low,9,namecheap,,,09/08/2026 15:41
cef4f5b4-c6fb-4c0f-bccc-b5cf67df17f3,continent.codes,available,3.98,92.98,high,low,9,namecheap,,,11/08/2026 23:26
feef2f24-a38d-47f8-aedb-f7ae388e3062,speakers.codes,available,8.99,71.99,high,low,8,namesilo,,,18/09/2026 11:01
09842d44-5f36-4604-b1ba-891139a7d3eb,argent.codes,available,3.98,92.98,medium,low,6,namecheap,,,06/08/2026 17:51
9d5e9544-c757-47d2-bfc7-5faddf44754d,genital.codes,available,3.98,92.98,medium,low,7,namecheap,,,18/08/2026 21:40
b970d684-ded8-4662-9c56-fda7d492a706,minimum.codes,available,3.98,92.98,high,low,7,namecheap,,,25/09/2026 20:24
74d3dcdb-c6cb-4fc0-914a-fe2f760d3894,menominee.codes,available,8.99,71.99,high,low,9,namesilo,,,30/09/2026 10:33
020420ca-ec15-4957-bdc4-bd57d0f99819,themself.codes,available,11.99,,medium,low,8,name.com,,,
32388f3a-474c-4985-a4a1-9561f02bbd89,descended.codes,available,8.99,71.99,medium,low,9,namesilo,,,29/09/2026 10:16
8699870c-5264-445d-90fe-39134d5b9c97,barracks.codes,available,8.99,71.99,medium,low,8,namesilo,,,28/09/2026 13:08
082d25b6-91a8-442c-a286-b7d1923fe6fe,murdoch.codes,available,55.2,55.2,medium,low,7,cloudflare,,,28/09/2026 01:45
c651046f-d114-4c26-94f5-487041c02416,larder.codes,available,3.98,92.98,medium,low,6,namecheap,,,11/08/2026 11:56
ca26eb11-9038-46cb-bdc9-062352d813f6,arsenide.codes,available,8.99,71.99,medium,low,8,namesilo,,,20/09/2026 09:41
f4aaf166-7f1c-48ff-b36f-83ef698267fb,moderate.codes,available,3.98,92.98,high,low,8,namecheap,,,12/08/2026 00:16
c1d64ffb-5900-475e-bfad-05c73a8159e6,scholars.codes,available,8.99,71.99,high,low,8,namesilo,,,30/09/2026 15:27
5117a0ca-eb88-44d8-855d-f20d533197e7,adoptive.codes,available,3.98,92.98,high,low,8,namecheap,,,
375df81e-4aa7-4ba2-b88d-7a45d6482c70,mocking.codes,available,3.98,92.98,medium,low,7,namecheap,,,14/08/2026 02:52
9ad21409-27ee-45c9-b319-1b43de5e5dc2,emmett.codes,available,8.99,71.99,medium,low,6,namesilo,,,28/09/2026 08:01
dcd8a016-3705-4caa-8511-78661439c590,beatrice.codes,available,3.98,92.98,high,low,8,namecheap,,,22/09/2026 21:46
f838f639-3135-4d85-8e4e-812f9d78b9d2,marang.codes,available,8.99,71.99,medium,low,6,namesilo,,,20/09/2026 12:01
6fdf69d7-7539-4f32-b9d0-64914de84fc9,gma.codes,available,4.5,59.07,high,low,3,dynadot,,,29/09/2026 21:30
2ac4cdbf-a15b-4fa2-af58-9349e4a091f1,pester.codes,available,3.98,92.98,medium,low,6,namecheap,,,21/09/2026 17:02
2ec391aa-22dc-4f0a-8355-a5874de9990e,translates.codes,available,3.31,57.13,medium,low,10,spaceship,,,30/09/2026 00:23
d2cc18df-73ed-4d63-9e72-74d71f434a3b,cowell.codes,available,3.31,57.13,medium,low,6,spaceship,,,29/09/2026 22:25
d8eeede0-29f8-4f57-89a3-5b006da1cef7,subconscious.codes,available,3.31,57.13,high,low,12,spaceship,,,30/09/2026 03:47
5a48561c-c4a7-425d-86f3-076c6c8e893b,marianas.codes,available,8.99,71.99,medium,low,8,namesilo,,,30/09/2026 10:22
14e00068-9c7b-4e10-b905-33defa610eef,powerfully.codes,available,3.98,92.98,high,low,10,namecheap,,,15/09/2026 21:10
e65815b1-8264-41a4-b96d-16de797b949c,doors.codes,available,3.98,92.98,high,low,5,namecheap,,,25/09/2026 19:46
8f591097-5a5f-4ef7-abb9-772e74e1b2ad,hee.codes,available,4.63,57.16,high,low,3,porkbun,,,29/09/2026 21:26
76386aaa-637b-4a2f-b865-26248af6b5da,radcliffe.codes,available,8.99,71.99,medium,low,9,namesilo,,,27/09/2026 07:53
41bd0530-5dec-463d-b94c-eaed26d4bbeb,comose.codes,available,3.98,92.98,low,low,6,namecheap,,,12/08/2026 18:22
f31dcdf5-6715-42fb-9493-6ab60e0fa4b5,leonine.codes,available,3.98,92.98,medium,low,7,namecheap,,,22/08/2026 23:57
0a72ad72-1615-4129-99f3-1a6130290253,scripts.codes,resell,,,high,low,7,,,,29/09/2026 05:41
96a838b0-9c97-4a21-bcf3-811db93d5e9e,disquiet.codes,available,8.99,71.99,medium,low,8,namesilo,,,24/09/2026 22:51
b1f75916-1168-4ade-850d-610a02714ce5,act.codes,premium,68.51,68.51,high,medium,3,spaceship,,,28/09/2026 18:03
37384cfa-0367-46c5-8344-66f2e1cfd9ea,farewell.codes,available,9.99,121.99,high,low,8,godaddy,,,28/09/2026 01:53
1e76b351-30ab-4b10-af69-e0203615ca49,darrow.codes,available,8.99,71.99,medium,low,6,namesilo,,,30/09/2026 09:12
7e1699ac-4b21-4205-be03-abfd346d3021,specular.codes,available,3.98,92.98,medium,low,8,namecheap,,,25/08/2026 01:15
dde9c1d7-335d-4b59-a881-654feffe7632,atarax.codes,available,3.98,92.98,medium,low,6,namecheap,,,20/09/2026 19:30
f3f3a65e-4f32-44c6-82f7-c13bc954834e,rim.codes,available,3.98,92.98,high,low,3,namecheap,,,24/09/2026 10:31
a7bc05b3-50c1-4e3d-9cb2-5765dcc2b770,uproar.codes,available,8.99,71.99,medium,low,6,namesilo,,,29/09/2026 04:35
62d4cd67-3c67-4c8f-80ff-100ddd27803d,facility.codes,available,3.31,57.13,high,low,8,spaceship,,,28/09/2026 18:28
d03fe7d5-8fe2-42a3-afa5-d69826f9cd23,cholera.codes,available,8.99,71.99,medium,low,7,namesilo,,,20/09/2026 14:08
ca47f263-dbd6-442a-8bb8-9cd3db88cab4,awny.codes,available,3.98,92.98,medium,low,4,namecheap,,,08/08/2026 01:25
4cf76182-d1cf-4861-af96-44a9b1bab618,javan.codes,available,3.98,92.98,high,low,5,namecheap,,,22/08/2026 12:30
e9249776-178c-4c4e-8e54-977085047c53,produces.codes,available,8.99,71.99,medium,low,8,namesilo,,,17/09/2026 14:14
f76844f5-1599-4c1c-b7af-8a6902b6c825,providence.codes,available,3.31,57.13,high,low,10,spaceship,,,29/09/2026 06:49
732d2e69-8eb7-4200-8ede-4afd5052a2d5,overlap.codes,available,3.98,92.98,high,low,7,namecheap,,,30/09/2026 02:25
38dbe1cf-fcd2-49be-800b-e249135aed1d,especially.codes,available,8.99,71.99,medium,low,10,namesilo,,,28/09/2026 14:41
bab48d8e-4e76-4b61-9c06-235f2523dcc8,slyly.codes,available,3.98,92.98,medium,low,5,namecheap,,,14/09/2026 09:08
ca409a64-18f3-4679-8031-e45a99d54f3c,williamson.codes,available,3.98,92.98,high,low,10,namecheap,,,17/09/2026 14:22
093fc08b-dc71-44a1-b32c-70cf10573e38,dove.codes,available,3.98,92.98,high,low,4,namecheap,,,10/09/2026 17:16
5fafa06f-876f-4deb-8534-4177778a437e,basseterre.codes,available,8.99,71.99,medium,low,10,namesilo,,,22/09/2026 12:18
ca93798d-56d4-433d-8bff-20b32452c2fc,bells.codes,available,8.99,71.99,high,low,5,namesilo,,,25/09/2026 15:52
7a1fc824-f736-40eb-8ab6-a39c2c8a607b,riffle.codes,available,3.98,92.98,medium,low,6,namecheap,,,12/09/2026 08:36
232822ff-890e-4fb2-813d-aa1f604a2734,eventide.codes,available,3.98,92.98,high,low,8,namecheap,,,17/08/2026 14:48
aa77a82a-b3fa-4873-a0b6-012a64e7274f,unsightly.codes,available,3.98,92.98,medium,low,9,namecheap,,,12/09/2026 19:53
875e6d8f-147c-4320-885b-a1cd9d9dfdbd,sensorial.codes,available,3.98,92.98,medium,low,9,namecheap,,,10/09/2026 03:46
8593c0a8-8e43-444d-ad4c-5296c73ca206,erse.codes,available,3.98,92.98,medium,low,4,namecheap,,,18/08/2026 19:28
0a56dad1-bcaf-4931-9019-f1e2c3fa17e8,depths.codes,available,55.2,55.2,medium,low,6,cloudflare,,,28/09/2026 23:11
5c9026f5-ed93-4803-942f-dcd0db0b35f1,drummond.codes,available,3.98,92.98,medium,low,8,namecheap,,,25/09/2026 15:26
a66734ee-9e6e-4b53-99ff-e4a124a67304,sutton.codes,available,8.99,71.99,high,low,6,namesilo,,,25/09/2026 16:50
5182c755-9bc9-43e2-bc4e-48b1e7b38b8a,hammering.codes,available,8.99,71.99,high,low,9,namesilo,,,01/10/2026 02:23
995a238e-d664-451e-8fc5-2f901c9498f3,armenian.codes,available,3.98,92.98,high,low,8,namecheap,,,06/08/2026 19:39
d4d9acd1-86e8-4f8f-bd2c-b273404f2509,mollify.codes,available,3.98,92.98,high,low,7,namecheap,,,18/08/2026 22:10
1b2b2407-d873-4461-868c-e38bd80272b3,coincide.codes,available,8.99,71.99,high,low,8,namesilo,,,29/09/2026 14:11
0c43e0a2-ea2d-4ef1-a044-fd9ae504a096,corporeal.codes,available,3.98,92.98,medium,low,9,namecheap,,,13/08/2026 01:54
62a6347d-f275-4a51-b766-8d6b20533a69,copernican.codes,available,3.98,92.98,medium,low,10,namecheap,,,13/08/2026 00:26
a00f23b4-74b3-4402-9267-5bd0bfef13b3,sore.codes,available,3.98,92.98,high,low,4,namecheap,,,
f0dab017-28c4-4a47-97ff-c1a256d84f2e,awards.codes,available,3.31,57.13,medium,low,6,spaceship,,,28/09/2026 08:41
4340f333-0d23-426f-958c-8a85d81ced46,heartfelt.codes,available,3.98,92.98,high,low,9,namecheap,,,21/08/2026 02:11
fddf1413-fe58-4ef5-a7a3-70c1d42ff7d1,authorizer.codes,available,3.98,92.98,medium,low,10,namecheap,,,21/09/2026 05:13
54485790-adb8-43b3-88a1-b64cce6ead06,sunburnt.codes,available,3.98,92.98,medium,low,8,namecheap,,,11/09/2026 01:48
4559f534-3450-46a4-b6da-6a04a20e1f9f,cohomology.codes,available,4.5,59.07,medium,low,10,dynadot,,,30/09/2026 15:06
c1915e64-67fb-4cce-be55-f78bde9c30a0,rectal.codes,available,3.98,92.98,medium,low,6,namecheap,,,09/09/2026 11:51
ba6006aa-6c5d-421a-a546-82a3d6be34bd,consuming.codes,available,3.98,92.98,high,low,9,namecheap,,,23/09/2026 21:22
af636e34-174d-4883-9dcb-da3029d64291,fuckster.codes,available,11.99,,medium,low,8,name.com,,,
ae86eac9-346d-4ad0-8513-c8ebe21bd0b4,flies.codes,available,8.99,71.99,high,low,5,namesilo,,,25/09/2026 06:05
90bacbb2-d42a-4219-a86a-946e8b98171b,pathless.codes,available,3.98,92.98,medium,low,8,namecheap,,,08/09/2026 10:25
a618dd30-c49e-4db0-8935-e4103b71e989,selfish.codes,available,3.98,92.98,medium,low,7,namecheap,,,27/09/2026 19:59
6c3f9d66-b835-433c-a8dc-b9602ddd879a,beating.codes,available,4.5,59.07,high,low,7,dynadot,,,28/09/2026 10:26
5c4065e6-3f3f-4a5d-b7e5-da9cceee13ac,bandmaster.codes,available,3.98,92.98,high,low,10,namecheap,,,22/09/2026 01:26
255ec4c6-2480-4d81-80e7-da7b11376e0d,prepared.codes,available,8.99,71.99,high,low,8,namesilo,,,24/09/2026 11:20
5b0f6792-fb71-4afa-8ae3-478bc60d08ac,audacious.codes,available,8.99,71.99,high,low,9,namesilo,,,22/09/2026 12:06
74205764-0a70-426b-a0b6-454202f0ce5d,endeavour.codes,available,3.98,92.98,high,low,9,namecheap,,,21/09/2026 01:16
8603fcab-8cbf-4bf9-95ad-24ed41c7fac9,letting.codes,available,3.98,92.98,high,low,7,namecheap,,,09/09/2026 14:21
d7a1461c-e798-4346-90c7-19830564cbc3,astronomer.codes,available,3.98,92.98,high,low,10,namecheap,,,20/09/2026 18:04
84c89844-f8db-4952-897c-6b879ead8f08,decks.codes,available,3.31,57.13,medium,low,5,spaceship,,,29/09/2026 05:44
5761ae99-2212-4eaa-8da2-a3a29ef841f0,thoroughbred.codes,available,8.5,,high,low,12,unstoppable,,,01/10/2026 05:36
83962a27-4219-43d9-96d0-9641713ecf35,reservedly.codes,available,3.98,92.98,medium,low,10,namecheap,,,15/09/2026 23:22
1185eefe-3caa-4a67-9aaf-459cb3d5aeb3,slanting.codes,available,3.98,92.98,medium,low,8,namecheap,,,07/08/2026 04:20
1d6cc3b0-543a-4675-af47-a5c572f0bab0,torpedo.codes,available,3.31,57.13,high,low,7,spaceship,,,28/09/2026 05:28
27f4eb69-92bf-4398-beab-0d3333438f0a,unobvious.codes,available,3.98,92.98,medium,low,9,namecheap,,,12/09/2026 16:07
b8003164-7aa8-4c2f-af4f-f32b1cc9334e,tablespoons.codes,available,3.98,92.98,medium,low,11,namecheap,,,20/09/2026 10:16
0f9a2051-f1a1-4e87-858a-e877187e723e,sybil.codes,available,4.5,59.07,high,low,5,dynadot,,,29/09/2026 14:56
ec09a7ca-c761-4a8d-8cad-a0e3227ae6d2,subcommittee.codes,available,3.31,57.13,medium,low,12,spaceship,,,30/09/2026 19:57
526f0c8a-f1ef-4aaa-99ca-5029187a8bc4,clench.codes,available,3.98,92.98,medium,low,6,namecheap,,,24/09/2026 15:33
f022ac91-663f-414a-bd04-67c4d7785b11,serpent.codes,available,8.99,71.99,medium,low,7,namesilo,,,29/09/2026 01:45
fea325b1-30fe-4c20-b9c6-c068c18e23d6,insulted.codes,available,3.98,92.98,low,low,8,namecheap,,,28/09/2026 23:30
c7641c7c-9935-4148-a762-c656ec08a119,donkey.codes,available,8.5,,high,low,6,unstoppable,,,29/09/2026 16:28
53c1d530-d6ca-478f-8769-fb893d1a2bd1,shameless.codes,available,3.98,92.98,medium,low,9,namecheap,,,10/09/2026 05:53
15b78a50-7f62-4da2-b2ab-e7813adf49fd,comely.codes,available,3.98,92.98,medium,low,6,namecheap,,,09/08/2026 06:13
a3ec9447-8100-4f0a-bfb1-d5b09d5c8a9d,angiology.codes,available,8.99,71.99,medium,low,9,namesilo,,,19/09/2026 06:13
6fd58cac-16eb-41f2-8823-1b3c0c65eb13,infertile.codes,available,3.98,92.98,medium,low,9,namecheap,,,22/08/2026 04:24
d5eeb4b0-79f6-4972-9323-669309354635,commitments.codes,available,4.63,57.16,medium,low,11,porkbun,,,30/09/2026 07:30
764f3d3c-d836-4f8d-a3ce-8575c9c08a1e,poisonous.codes,available,3.98,92.98,medium,low,9,namecheap,,,08/09/2026 22:40
4849b99c-1cc7-4bfa-ba7c-21104babdd59,areas.codes,available,3.98,92.98,medium,low,5,namecheap,,,27/09/2026 10:01
ef918754-6437-488d-9e01-f2983b932863,torrential.codes,available,3.98,92.98,medium,low,10,namecheap,,,11/09/2026 17:57
39b343be-28aa-484a-968f-4f45bed0ddce,finishing.codes,available,8.99,71.99,high,low,9,namesilo,,,27/09/2026 03:58
5e9148f0-3e20-4064-bd00-bf212c3fbc52,contextual.codes,available,3.98,92.98,high,low,10,namecheap,,,12/08/2026 23:13
40ae7a6f-b831-4e2d-ac10-a27464ffc396,incentive.codes,available,3.31,57.13,high,low,9,spaceship,,,29/09/2026 23:44
826107ec-36ec-4939-b3d2-794013dd8dc4,modena.codes,available,3.31,57.13,medium,low,6,spaceship,,,29/09/2026 03:43
d0cd2eca-c768-4de8-a163-89007a101ad9,flaccid.codes,available,3.98,92.98,medium,low,7,namecheap,,,18/08/2026 06:07
f6bd879c-a9db-4bd2-9959-8b343ef75e50,peaceful.codes,available,3.98,92.98,high,low,8,namecheap,,,27/09/2026 03:13
d5f1a729-5b2f-43ba-a101-3f5bcda003cb,else.codes,available,8.5,,high,low,4,unstoppable,,,30/09/2026 23:12
aeb33161-ce3a-4381-be24-36bd55401f4d,monuments.codes,available,3.31,57.13,medium,low,9,spaceship,,,30/09/2026 15:18
2eb143e1-858c-48a7-a323-85b0d3a18ed2,bushwhack.codes,available,8.99,71.99,medium,low,9,namesilo,,,18/09/2026 17:32
0d159a2e-db5f-4c6a-a959-b3182fc56217,elmira.codes,available,3.31,57.13,medium,low,6,spaceship,,,28/09/2026 16:42
ceed8da3-868b-41f2-836a-cd8f35c80a04,dirt.codes,available,8.99,71.99,high,low,4,namesilo,,,24/09/2026 10:53
a7984cbf-c261-4c08-a024-daf7f37d325c,courageous.codes,available,8.99,71.99,high,low,10,namesilo,,,23/09/2026 02:25
acac86b0-0d4e-470a-a18e-666305b089bf,askant.codes,available,3.98,92.98,medium,low,6,namecheap,,,07/08/2026 03:05
899f4da1-453d-4257-a629-7005729ac547,unsealed.codes,available,3.98,92.98,medium,low,8,namecheap,,,12/09/2026 19:07
1a6a2d6e-ff7c-4d38-95cd-418bc0f6627c,motherly.codes,available,3.98,92.98,high,low,8,namecheap,,,25/08/2026 07:06
c8092d71-49d4-4312-ac32-a785154afc77,amuck.codes,available,3.98,92.98,medium,low,5,namecheap,,,
04b7cfb3-b7e4-4480-966a-9790cdf5715a,jerky.codes,available,3.98,92.98,high,low,5,namecheap,,,06/08/2026 22:03
2646aff3-0f61-4046-af38-61adb47a0399,prenatal.codes,available,3.98,92.98,high,low,8,namecheap,,,22/09/2026 05:55
18b06deb-408a-4153-8f93-01eda7620297,shelters.codes,available,8.99,71.99,medium,low,8,namesilo,,,20/09/2026 23:17
8e69cda9-a01b-474f-acd1-7ca85a4fbb14,did.codes,premium,118.8,118.8,high,low,3,namesilo,,,
15b8408b-f553-4dae-a1a2-049c8781c55b,vapid.codes,available,3.98,92.98,medium,low,5,namecheap,,,10/08/2026 13:04
a9fea3bb-bab4-4c29-bb15-64c9a12b1262,hometown.codes,available,55.2,55.2,medium,low,8,cloudflare,,,30/09/2026 22:54
5f3600a9-a645-48a8-9bba-5cf1b8339b05,vagrant.codes,available,3.98,92.98,high,low,7,namecheap,,,14/08/2026 19:18
9168965a-b220-461c-8a5a-847e029d881c,necessary.codes,available,3.98,92.98,high,low,9,namecheap,,,24/09/2026 15:21
d159c278-8281-4dd7-8725-b24f0efe531f,quenched.codes,available,3.98,92.98,medium,low,8,namecheap,,,09/09/2026 08:25
034ee9e6-7210-4a7c-a0e1-a31a07c3c181,ppp.codes,available,4.63,57.16,high,low,3,porkbun,,,28/09/2026 06:33
20152fb7-e4ea-4214-ae71-9e4ed537f4c4,notified.codes,available,55.2,55.2,medium,low,8,cloudflare,,,28/09/2026 05:08
7659f283-b92e-4127-a348-d650476dcc39,woodlawn.codes,available,8.99,71.99,medium,low,8,namesilo,,,29/09/2026 22:48
0429437a-ce01-4883-a786-822a09cc4d5e,leering.codes,available,8.99,71.99,medium,low,7,namesilo,,,25/09/2026 05:58
1698c21e-1ea9-4e22-bcb1-6df55274b7ad,sweating.codes,available,8.99,71.99,medium,low,8,namesilo,,,28/09/2026 13:54
f2bd4b35-5e8b-4295-9d9e-6c8107af93ad,fingerprint.codes,available,3.31,57.13,high,low,11,spaceship,,,29/09/2026 08:29
b5647823-b7a7-49f2-ba94-c6f25bb1c97f,grading.codes,available,9.99,121.99,high,low,7,godaddy,,,30/09/2026 01:47
90a55407-5071-4308-a9ec-548bdabebe18,pliny.codes,available,9.99,121.99,medium,low,5,godaddy,,,28/09/2026 01:57
899893bc-3467-4de3-83fd-e0660399fae3,joking.codes,available,7.99,86.99,high,low,6,name.com,,,25/09/2026 11:45
1ae0c9fe-561b-42d2-8985-4c9b00c24f73,chairperson.codes,available,11.99,,high,low,11,name.com,,,
07d5ca87-9052-4011-9957-7bfeca046abb,inflict.codes,available,8.5,,high,low,7,unstoppable,,,30/09/2026 03:14
9eab70f8-dc46-4ec3-948a-5a576ac7a28a,shan.codes,available,3.98,92.98,high,low,4,namecheap,,,28/09/2026 15:19
7ca6119d-781f-47df-9464-05f7e9224270,improve.codes,available,8.99,71.99,high,low,7,namesilo,,,30/09/2026 15:00
38ba0695-bf0c-42ca-a547-0bafea41e056,outcomes.codes,available,3.98,92.98,medium,low,8,namecheap,,,19/09/2026 12:31
93d6bd05-2e2a-4bbe-b101-68eed7c7c65b,russian.codes,available,3.31,57.13,high,low,7,spaceship,,,27/09/2026 17:35
0b3b96b6-f47c-4fcb-9306-a880db1f81fa,auklet.codes,available,8.99,71.99,medium,low,6,namesilo,,,21/09/2026 04:08
4af83c1b-7caf-4c10-9e9a-ec24387f15ea,clearance.codes,available,3.98,92.98,high,low,9,namecheap,,,08/09/2026 08:11
9764b4bf-db16-4cba-9741-5219ef6b41a0,basenji.codes,available,8.99,71.99,medium,low,7,namesilo,,,22/09/2026 10:26
77d364cc-c4d9-4b39-86a4-5d0749ca8666,sides.codes,available,8.99,71.99,medium,low,5,namesilo,,,17/09/2026 23:26
c7d53763-208c-48c9-825c-71995187dc96,hospitals.codes,available,8.99,71.99,medium,low,9,namesilo,,,20/09/2026 04:37
bbc31058-6dfe-4684-b7ee-9c0cba867f59,okada.codes,available,3.31,57.13,medium,low,5,spaceship,,,30/09/2026 20:35
a79275fd-efff-48b3-802f-0b162f707d49,riparian.codes,available,3.98,92.98,high,low,8,namecheap,,,09/09/2026 17:53
44b6a0ae-1570-44ee-a8af-d90a76d11bee,wrap.codes,available,8.99,71.99,high,low,4,namesilo,,,26/09/2026 00:32
672cfbf7-e04e-4c33-9a1e-284b077966f3,incidence.codes,available,55.2,55.2,high,low,9,cloudflare,,,29/09/2026 23:46
dff3a0b5-81c2-4814-9683-524fe1ed6cbc,poinciana.codes,available,3.98,92.98,high,low,9,namecheap,,,23/09/2026 20:09
12565950-6322-4e62-87a8-99948c681f07,nonsocial.codes,available,3.98,92.98,medium,low,9,namecheap,,,03/09/2026 19:18
2577cca3-365c-431d-b63f-cf4336a890e6,nugatory.codes,available,3.98,92.98,low,low,8,namecheap,,,03/09/2026 22:26
45fcb934-e539-4b38-ab73-38b77f619766,nutcase.codes,available,3.98,92.98,medium,low,7,namecheap,,,13/08/2026 05:36
8af2b8fa-b646-40b3-b8a7-1683414ef607,aircrew.codes,available,3.98,92.98,high,low,7,namecheap,,,17/09/2026 22:11
4eeb23bd-96e6-44a3-8dbd-3de452486d3d,pre.codes,premium,118.8,118.8,high,low,3,namesilo,,,
3d8a62d7-38d2-407e-9350-1b79c9f6b58a,effete.codes,available,3.98,92.98,low,low,6,namecheap,,,13/08/2026 20:52
dd5dae40-299a-4015-adce-b97ca2731340,penis.codes,available,8.5,,high,low,5,unstoppable,,,30/09/2026 06:36
97e9a3de-2b50-4afc-b5fd-cfde1c2a7fb3,eater.codes,available,8.99,71.99,high,low,5,namesilo,,,19/09/2026 09:42
87eb4ccf-9cd2-44e8-91e6-12ad1d5ac41f,mediaeval.codes,available,3.98,92.98,medium,low,9,namecheap,,,24/08/2026 18:49
30e522ce-5539-438a-b9b5-02ba649d8632,inconvenience.codes,available,4.63,57.16,medium,low,13,porkbun,,,29/09/2026 02:52
fdbecc28-3b6b-4a3e-911b-8e3431eca0e4,elderberry.codes,available,8.99,71.99,medium,low,10,namesilo,,,24/09/2026 00:39
b8f79e0b-31da-4123-bc0c-12615875747c,toys.codes,available,8.99,71.99,high,low,4,namesilo,,,20/09/2026 06:04
e3e49a15-77b8-46ea-acb1-4861a25b88e2,berthold.codes,available,3.31,57.13,medium,low,8,spaceship,,,30/09/2026 13:32
0f196be1-7ed7-44e7-bb82-d3c056c1afab,dunedin.codes,available,8.99,71.99,medium,low,7,namesilo,,,29/09/2026 03:53
fea5bbc6-cf67-463a-8778-d1377b2087a9,deity.codes,available,3.98,92.98,high,low,5,namecheap,,,24/09/2026 21:23
a794b69d-4b38-48d5-b9b3-b31459f3a5f2,albizzia.codes,available,8.99,71.99,medium,low,8,namesilo,,,18/09/2026 03:00
bbee9621-68d8-465c-bad0-87e6f785d1ec,hegelian.codes,available,3.98,92.98,medium,low,8,namecheap,,,21/08/2026 06:14
c8bfe6db-9dc2-4dee-beed-43bd7b5e39ea,seduce.codes,available,4.63,57.16,high,low,6,porkbun,,,29/09/2026 14:16
0fc884b7-f523-4774-b14f-1ad2f5770417,fury.codes,available,8.99,71.99,high,low,4,namesilo,,,24/09/2026 21:41
7011f962-19ff-42fa-96f9-ccfb3e376290,expressed.codes,available,3.98,92.98,high,low,9,namecheap,,,17/08/2026 18:26
cc5bf6e7-f755-43c5-b172-c8c12c96cbb9,norte.codes,available,8.99,71.99,high,low,5,namesilo,,,27/09/2026 07:02
1d02c70e-1d10-4610-bc47-490d5d937709,intimacy.codes,available,8.99,71.99,high,low,8,namesilo,,,17/09/2026 14:02
34f1b18c-3b7a-46c4-b196-2369255c300c,prescription.codes,available,11.99,,high,low,12,name.com,,,
4c9a19d0-b81f-46bf-a3a7-e55910517c19,toothpaste.codes,available,4.63,57.16,high,low,10,porkbun,,,30/09/2026 11:11
42a57765-c0ac-4ae5-989d-0e6b97836390,azt.codes,available,8.99,71.99,high,low,3,namesilo,,,21/09/2026 11:33
0ceb630b-0d2a-4faa-967b-4a0decc1f487,tendered.codes,available,8.99,71.99,medium,low,8,namesilo,,,20/09/2026 16:36
95060d0c-7988-4af7-8ee7-6d5c39de07bf,antler.codes,available,3.98,92.98,medium,low,6,namecheap,,,19/09/2026 15:20
e4bd5f37-55c2-469c-aec2-31858cb23b77,threatening.codes,available,11.99,,medium,low,11,name.com,,,
b8f138eb-9e8c-44e1-ac87-66ab38cfb40e,viruses.codes,available,3.31,57.13,medium,low,7,spaceship,,,30/09/2026 06:37
65282385-edb6-4e90-b6c5-609bd13381c3,tunisian.codes,available,3.98,92.98,medium,low,8,namecheap,,,11/09/2026 21:09
a4c454e5-e8b7-417f-b5c7-5cbf81e5cd65,reptiles.codes,available,3.98,92.98,medium,low,8,namecheap,,,30/09/2026 14:47
0401115b-763a-4f64-9d1c-7fb1eab1a1e2,merciful.codes,available,3.98,92.98,high,low,8,namecheap,,,24/08/2026 20:34
fef5f6d5-8255-4895-821f-fcf2e25624ed,crooner.codes,available,3.98,92.98,medium,low,7,namecheap,,,21/09/2026 22:42
56ef3e6d-7c2f-4195-a92a-cf2728dcfd5f,aching.codes,available,3.98,92.98,medium,low,6,namecheap,,,
87fb1d4b-ed06-42dc-bfe8-a38ad43bc128,devote.codes,available,8.5,,high,low,6,unstoppable,,,30/09/2026 18:31
a8c455bf-4799-4881-ae35-eea4495b95de,unicorns.codes,available,11.99,,high,low,8,name.com,,,
70ab5630-1dea-4612-81f9-f38b55f66546,uterus.codes,available,8.5,,high,low,6,unstoppable,,,29/09/2026 14:06
8cd64636-2e9a-4491-93da-76fab4760d39,boron.codes,available,8.99,71.99,medium,low,5,namesilo,,,20/09/2026 23:12
7cf235f5-d8f2-4e70-befb-07be1b33760b,nitid.codes,available,3.98,92.98,medium,low,5,namecheap,,,
47864f6c-69ab-41bb-88eb-c86832d8ce30,poached.codes,available,3.98,92.98,medium,low,7,namecheap,,,10/08/2026 17:34
78299965-5248-47ba-8051-a640fec7f475,slump.codes,available,8.5,,medium,low,5,unstoppable,,,30/09/2026 09:25
969c27a8-7254-48ad-be7e-facc954e464b,rimy.codes,available,3.98,92.98,medium,low,4,namecheap,,,09/09/2026 17:41
b4c714f0-42d1-4f90-8b55-88976c02b1c4,artist.codes,available,55.2,55.2,high,low,6,cloudflare,,,28/09/2026 12:11
9be31687-fdc8-4230-b91b-45a3f2d11cd3,chestnut.codes,available,8.99,71.99,high,low,8,namesilo,,,23/09/2026 14:04
48078b23-f8e8-418c-8681-73147c86d033,intimidating.codes,available,55.2,55.2,medium,low,12,cloudflare,,,30/09/2026 19:45
9b0386ef-94bd-4287-81f2-c1705abf9932,doubtful.codes,available,3.98,92.98,medium,low,8,namecheap,,,24/09/2026 11:52
415e3eb3-4bec-4b04-9fd3-ceed6bab859c,quantity.codes,available,55.2,55.2,high,low,8,cloudflare,,,30/09/2026 08:58
17acb62b-a873-49ac-a192-686b44eeb03f,beatrix.codes,available,3.31,57.13,medium,low,7,spaceship,,,30/09/2026 21:15
781aec55-2866-4713-87b7-0bec6c61c082,banjo.codes,available,8.99,71.99,high,low,5,namesilo,,,22/09/2026 02:11
50bf74f5-5f67-4929-b00e-34b0a8b7ad1c,assembler.codes,available,8.99,71.99,high,low,9,namesilo,,,20/09/2026 16:01
0d4f3f49-27b4-4b64-bda5-32aa57dd4935,dense.codes,available,3.98,92.98,high,low,5,namecheap,,,08/09/2026 15:39
72f56c43-502f-4d8c-a952-3bbb2c79f7fc,coldly.codes,available,4.5,59.07,low,low,6,dynadot,,,28/09/2026 14:07
f9e0484c-ed0d-49fd-b8f3-5137b68d8658,alcides.codes,available,8.99,71.99,medium,low,7,namesilo,,,18/09/2026 04:05
8f5ad8b8-f62c-484e-b0d3-2986ea2a128a,amazona.codes,available,3.98,92.98,medium,low,7,namecheap,,,18/09/2026 16:23
30626c8e-d6e0-4720-8c57-3ddcc293bb03,predatory.codes,available,3.98,92.98,medium,low,9,namecheap,,,24/08/2026 15:43
2dd04a16-65fd-4235-a355-794f81176c8d,schizophrenic.codes,available,8.5,,medium,low,13,unstoppable,,,30/09/2026 12:09
bb88759d-c802-4859-888c-6e25d1b0ecd9,bio.codes,resell,,,high,medium,3,"Global Domains International, Inc. DBA DomainCostClub.com",28/03/2026 15:15,28/03/2027 15:15,30/09/2026 21:51
57915070-66ce-4784-aaf3-3886728e180f,touchy.codes,available,3.98,92.98,medium,low,6,namecheap,,,21/08/2026 14:42
c1dc9629-7ea1-43be-bed7-adebc04a9811,involve.codes,available,8.99,71.99,high,low,7,namesilo,,,30/09/2026 05:28
2f9b0eb2-ff72-4ec8-a1a9-edcd23f627ce,nominees.codes,available,3.31,57.13,medium,low,8,spaceship,,,30/09/2026 16:22
0472ae8b-a4db-4719-87e5-7f76072fd8f8,lacks.codes,available,55.2,55.2,low,low,5,cloudflare,,,29/09/2026 10:48
9ffb4f34-b149-4a9a-8307-5a047b309cf3,pupils.codes,available,55.2,55.2,medium,low,6,cloudflare,,,28/09/2026 17:49
eb8050da-a086-4ffa-b744-7b6d7e3ef35b,varied.codes,available,8.99,71.99,medium,low,6,namesilo,,,28/09/2026 10:09
5b201342-80b3-4906-bbd6-72261e95683e,thirsty.codes,available,55.2,55.2,high,low,7,cloudflare,,,28/09/2026 09:14
6ae8cdb0-4f14-4a6c-a852-58e294e96cf2,adolphus.codes,available,3.98,92.98,medium,low,8,namecheap,,,29/09/2026 15:26
fbea6d5a-bccc-4509-a5d3-8e0363d92096,maximizing.codes,available,3.98,92.98,high,low,10,namecheap,,,24/08/2026 17:56
439edf79-467a-489a-8b91-9688d741e45c,toynbee.codes,available,8.99,71.99,high,low,7,namesilo,,,20/09/2026 08:19
70836bf4-3b1b-41ea-b658-d0b757720410,berlage.codes,available,8.99,71.99,medium,low,7,namesilo,,,23/09/2026 09:36
f3f84d1a-315d-4159-9306-407079cd791b,invertible.codes,available,3.98,92.98,medium,low,10,namecheap,,,22/08/2026 09:00
dff7609d-1ff7-4ddb-86a3-d65300083f04,paediatric.codes,available,3.98,92.98,high,low,10,namecheap,,,04/09/2026 22:51
f1bf9546-1b5f-4d43-a215-862e5030af41,pittsfield.codes,available,3.31,57.13,medium,low,10,spaceship,,,29/09/2026 07:52
2e765cf0-4f14-4e4f-8c60-220d1924ea4b,attorneys.codes,available,55.2,55.2,medium,low,9,cloudflare,,,28/09/2026 13:24
236a8a73-8701-4272-aa3d-36ccab831967,animalism.codes,available,3.98,92.98,medium,low,9,namecheap,,,19/09/2026 08:55
92a0ce91-b22e-4680-89ad-86bba3b70d25,gleeful.codes,available,3.98,92.98,high,low,7,namecheap,,,20/08/2026 14:21
08dbb3bf-87d0-44d8-8367-a8d427388e43,bestiary.codes,available,8.99,71.99,medium,low,8,namesilo,,,23/09/2026 10:36
05a5bfae-7a59-443c-9f21-e2f9c5075742,agnatha.codes,available,3.98,92.98,medium,low,7,namecheap,,,17/09/2026 18:31
03ccb0c0-4a54-4c61-809e-bc47a98ee408,mathematician.codes,available,55.2,55.2,high,low,13,cloudflare,,,30/09/2026 03:33
1bbaa20b-6fbc-48ea-ae9e-f92fb1630b14,worship.codes,available,7.99,86.99,high,low,7,name.com,,,17/09/2026 09:43
3f672e6a-418e-4b0c-bb12-cf5eb005da32,henbane.codes,available,3.98,92.98,medium,low,7,namecheap,,,24/09/2026 00:54
e830ba9b-ea03-4f13-8ba5-1770fa5194d0,promoter.codes,available,8.99,71.99,high,low,8,namesilo,,,29/09/2026 23:36
3ff52129-8401-47fc-9ef5-78473b135de6,rbi.codes,available,8.99,71.99,high,low,3,namesilo,,,29/09/2026 07:55
748e0299-68fc-4d92-a519-1839fa120540,wage.codes,available,3.31,57.13,high,low,4,spaceship,,,28/09/2026 10:40
1c4f649f-6f17-4af2-9e9f-8dfc8575924e,vii.codes,available,,,high,low,3,,,,
467d67af-aa5c-47ee-9a48-57b4c7144804,bereft.codes,available,3.98,92.98,low,low,6,namecheap,,,09/08/2026 15:05
5ab7b56f-f260-4417-a44b-3ec7daccf40b,conversation.codes,available,8.99,71.99,high,low,12,namesilo,,,26/09/2026 00:44
17829856-94b5-4751-b7bf-2375ed4c99a5,kalamazoo.codes,available,9.99,121.99,high,low,9,godaddy,,,28/09/2026 02:12
09eb63c5-ed52-4b54-9483-d9459bc1b9e0,tenacious.codes,available,8.99,71.99,high,low,9,namesilo,,,19/09/2026 16:19
659e5211-c3c8-4807-a640-b8bc80953ee6,martina.codes,available,8.99,71.99,high,low,7,namesilo,,,29/09/2026 15:21
3d910b3d-6dbf-4131-a327-134db4c55718,umber.codes,available,3.98,92.98,high,low,5,namecheap,,,11/09/2026 22:59
7f5259e6-2247-45ba-8f50-c1975bcaa8d3,nys.codes,resell,,,high,low,3,,,,29/09/2026 15:44
2d6f7e93-713a-4042-89a0-0b7ae889cc54,fulsome.codes,available,3.98,92.98,medium,low,7,namecheap,,,11/08/2026 11:40
d8bdd9f4-f283-44e1-b7c0-6bb3768af14d,enlisted.codes,available,8.99,71.99,medium,low,8,namesilo,,,28/09/2026 22:48
27087802-8363-4f18-8dcb-28233f32142d,disorder.codes,available,3.98,92.98,high,low,8,namecheap,,,24/09/2026 22:27
4118e858-b6bd-4c47-b200-c5aa9c156022,arming.codes,available,8.99,71.99,medium,low,6,namesilo,,,20/09/2026 07:11
e1ebfa7d-c75d-4868-8cfd-93c50aa7631b,muffle.codes,available,7.99,86.99,medium,low,6,name.com,,,13/08/2026 16:49
e22b1a08-6625-41f1-8526-40e19cb2f3dc,symphonic.codes,available,3.98,92.98,high,low,9,namecheap,,,11/09/2026 06:07
2ab22e7a-5cfb-4e0c-ad00-14742db28ad4,covalent.codes,available,3.98,92.98,high,low,8,namecheap,,,13/08/2026 04:03
bdb76157-44c7-4323-b197-572e6cae14e3,bema.codes,available,8.99,71.99,high,low,4,namesilo,,,23/09/2026 07:15
d6dc7f52-649f-434d-9cfc-d085deba8e7b,humanistic.codes,available,3.98,92.98,high,low,10,namecheap,,,21/08/2026 14:53
a838da80-21b2-47f3-844e-f39d051be46e,fannie.codes,available,55.2,55.2,medium,low,6,cloudflare,,,28/09/2026 12:06
c303832e-6f37-4fa0-adb3-abb7c7c7dc3b,lilting.codes,available,3.98,92.98,high,low,7,namecheap,,,23/08/2026 08:41
d47da62c-770f-4c64-a7b3-e4e8eca1a4de,truculent.codes,available,3.98,92.98,medium,low,9,namecheap,,,11/09/2026 20:29
713539ce-de8b-4f26-99aa-77ecda826d6c,gibbons.codes,available,55.2,55.2,medium,low,7,cloudflare,,,29/09/2026 04:20
ec0f289f-274f-4120-a23e-4f38fa63a18c,sabbatical.codes,available,3.98,92.98,high,low,10,namecheap,,,09/09/2026 20:30
45a685a2-e8fb-4de2-bbab-ad7c020e86b9,embassador.codes,available,3.98,92.98,medium,low,10,namecheap,,,18/09/2026 16:29
9ff25783-0b7e-427e-8256-40be6b25bfda,meantime.codes,available,8.99,71.99,high,low,8,namesilo,,,25/09/2026 10:12
ab241b41-89fb-42a3-9ded-13947cf796ee,humdrum.codes,available,3.98,92.98,medium,low,7,namecheap,,,21/08/2026 15:05
d84307c4-f94b-4a96-9e08-32216f671713,layperson.codes,available,3.98,92.98,medium,low,9,namecheap,,,10/09/2026 01:26
9504e856-0196-4226-844e-ab5c8cf2b0fc,butler.codes,premium,,,high,low,6,,,,28/09/2026 01:17
6c9600bc-7143-4d43-928e-4d8f7736b37d,yersin.codes,available,8.99,71.99,medium,low,6,namesilo,,,18/09/2026 05:59
76c185e3-a0a8-407d-83a4-268506f25089,disappointing.codes,available,3.98,92.98,medium,low,13,namecheap,,,28/09/2026 07:09
438bf113-54e2-4ff4-85f7-d14cbd3396e8,comprehensive.codes,available,55.2,55.2,medium,low,13,cloudflare,,,29/09/2026 02:53
9ff3b055-437a-403e-a43c-4a3ec800818d,snuff.codes,available,3.98,92.98,high,low,5,namecheap,,,12/08/2026 07:39
90dfeaa6-39fd-4e48-863e-efd6219a2e25,kirkland.codes,available,,,high,high,8,,,,
67171a81-fbf8-4a78-b444-fdd13c8c9e5d,smartest.codes,available,8.99,71.99,high,low,8,namesilo,,,20/09/2026 22:26
7ebc2fe6-aa2b-4a35-938a-ce4b6a5e9cdb,alkali.codes,available,8.99,71.99,high,low,6,namesilo,,,18/09/2026 08:16
86d47052-96bb-4e3f-9d32-c5b83d21e49f,prayed.codes,available,8.99,71.99,medium,low,6,namesilo,,,18/09/2026 02:41
37814a93-4585-4771-812a-433a2be44da3,disadvantage.codes,available,11.99,,high,low,12,name.com,,,
64069e9f-057c-4464-be42-1723b1aeda94,snowball.codes,available,3.98,92.98,high,low,8,namecheap,,,16/09/2026 17:20
d6278826-4771-4bac-930d-bdfd41e6da40,absolutism.codes,available,3.98,92.98,medium,low,10,namecheap,,,16/09/2026 18:00
0a725be2-8e2e-43aa-b537-a5e3cbf87eb1,scores.codes,available,3.98,92.98,high,low,6,namecheap,,,14/09/2026 23:23
93c2a736-0c3f-41a4-bb13-eb08ec919630,pod.codes,available,3.98,92.98,high,medium,3,namecheap,,,12/08/2026 15:05
49a75a54-27d3-4145-8df3-9bb68723059a,manifestly.codes,available,3.98,92.98,medium,low,10,namecheap,,,08/09/2026 20:23
434a83bd-a4d0-47bf-b200-92ffa6555c66,lodged.codes,available,8.99,71.99,medium,low,6,namesilo,,,18/09/2026 14:44
434179c0-1233-4a59-9590-b3adb4459982,earhart.codes,available,3.98,92.98,medium,low,7,namecheap,,,18/09/2026 18:17
d5864896-7dee-4af1-9fef-8a759954b141,loudly.codes,available,3.98,92.98,medium,low,6,namecheap,,,18/08/2026 12:25
c5cde049-dda3-4ba9-8a92-09a23e4b7839,brimful.codes,available,3.98,92.98,medium,low,7,namecheap,,,11/08/2026 04:08
dc4cebe2-5175-472e-9873-029721e1f237,reclaimed.codes,available,3.98,92.98,high,low,9,namecheap,,,09/09/2026 11:36
5d99b30d-c731-4d6c-85e1-ae08e516f6ea,chickpea.codes,available,8.99,71.99,high,low,8,namesilo,,,24/09/2026 14:29
508312e9-7d5b-40d0-a048-cefab8ca0757,lxx.codes,available,,,medium,low,3,,,,
7125939c-433c-4678-95da-e32f3f9db1bf,mouthguard.codes,available,11.99,,medium,low,11,name.com,,,
82604b1b-c12a-469a-907a-d7193ace604e,means.codes,available,3.31,57.13,high,low,5,spaceship,,,30/09/2026 04:10
358d7690-ac66-43cd-8696-0c3ba230625f,waves.codes,available,8.99,71.99,high,low,5,namesilo,,,25/09/2026 16:36
0b7d6bb6-a7e1-4ae8-a989-ef4f8a8af0fb,assessor.codes,available,8.99,71.99,high,low,8,namesilo,,,20/09/2026 16:19
fd5a3466-2635-4648-b0d3-24c4c25a8b5d,seaside.codes,available,8.99,71.99,high,low,7,namesilo,,,30/09/2026 10:48
464d7952-b366-4fa1-b550-b44b03fe954c,habitable.codes,available,3.98,92.98,high,low,9,namecheap,,,20/08/2026 21:25
28f407db-bcf1-42d8-a247-c5e436098cf9,fagot.codes,available,3.98,92.98,medium,low,5,namecheap,,,09/09/2026 07:59
c937b2d4-08e6-46c4-9ffc-9a7296b86504,jejune.codes,available,3.98,92.98,medium,low,6,namecheap,,,22/08/2026 12:45
30d73c21-feb5-4f44-9f12-15ded23afcd8,tod.codes,available,3.98,92.98,high,low,3,namecheap,,,11/09/2026 16:39
ef3e996f-f6f0-4c4e-a150-9255c0c28860,abeyance.codes,available,8.99,71.99,medium,low,8,namesilo,,,16/09/2026 15:20
bde9c1e3-80eb-47f2-94a1-362c8c6559e7,distinctive.codes,available,8.5,,high,low,11,unstoppable,,,28/09/2026 20:58
eac7a351-4f78-4d4e-8f19-9ffc13997b42,felonious.codes,available,3.98,92.98,medium,low,9,namecheap,,,18/08/2026 00:58
e94d7071-3766-4aca-b49d-d8c8b87bade8,cortland.codes,available,8.99,71.99,medium,low,8,namesilo,,,30/09/2026 01:07
ba221826-1a38-4293-b63f-963e0ce9daab,filings.codes,available,11.99,,low,low,7,name.com,,,
5351b31e-81ec-41e5-bf1a-9a8572ad0921,businesses.codes,available,8.99,71.99,medium,low,10,namesilo,,,01/10/2026 02:58
8972d189-c565-442e-9ea9-8380012e288f,respondents.codes,available,3.98,92.98,medium,low,11,namecheap,,,25/09/2026 21:41
c7294f03-3b68-49dd-b577-a1a3b7135ab4,canonical.codes,available,3.98,92.98,high,low,9,namecheap,,,11/08/2026 17:23
079764de-f68c-45f4-b2d7-ba184ba2c4c6,xix.codes,available,8.99,71.99,high,low,3,namesilo,,,21/09/2026 12:08
2a7caf85-5178-408e-b6ac-7bfd61c4c6cf,schroeder.codes,available,4.5,59.07,high,low,9,dynadot,,,28/09/2026 08:07
8183b83f-c512-47ca-91cc-a449dab07c11,ablaze.codes,available,3.98,92.98,high,low,6,namecheap,,,
c2d9a477-f4aa-42f8-b511-67fea3152513,candescent.codes,available,3.98,92.98,medium,low,10,namecheap,,,11/08/2026 16:39
b87a7694-f658-4869-b57b-9a347cc7999a,intolerable.codes,available,8.99,71.99,medium,low,11,namesilo,,,30/09/2026 11:56
8cb08f77-f8db-4a72-a29b-bd172f39d79e,facing.codes,available,8.99,71.99,high,low,6,namesilo,,,29/09/2026 09:38
c365e5cf-1531-47ff-b014-c08309c37c8b,abeyant.codes,available,3.98,92.98,medium,low,7,namecheap,,,
93856c4b-04fb-4880-85df-a9b534509810,canceled.codes,available,55.2,55.2,medium,low,8,cloudflare,,,27/09/2026 22:41
19f8b099-03c6-4aa4-a8c0-cfc82650da8d,tiered.codes,available,3.98,92.98,medium,low,6,namecheap,,,11/09/2026 15:49
e5a86479-f19e-4821-87e1-4f37e9e6b4f6,thorough.codes,available,3.98,92.98,high,low,8,namecheap,,,17/08/2026 17:10
870ba04e-43e5-4d6b-a9f9-38baa8716a8c,eruption.codes,available,8.99,71.99,medium,low,8,namesilo,,,24/09/2026 15:18
6a34b3da-1823-490b-9ad3-4d1655a68ee4,convolute.codes,available,3.98,92.98,medium,low,9,namecheap,,,12/08/2026 23:57
f76d2046-4dea-45fa-b3d3-0cbbc1d2512b,federated.codes,available,3.98,92.98,high,low,9,namecheap,,,18/08/2026 00:38
ba2f6b4a-317c-4b84-93a0-3b70262398b9,majuscule.codes,available,3.98,92.98,medium,low,9,namecheap,,,24/08/2026 13:26
98eb1025-6d0e-4663-998e-9d0c97dd7d15,azure.codes,available,,,high,high,5,,,,
2a635727-06d4-4069-82f2-6cc822105fb6,univ.codes,available,3.31,57.13,high,low,4,spaceship,,,29/09/2026 21:43
f20ee5ac-b17b-4bd4-8ded-f3c762a048e1,danube.codes,available,4.5,59.07,high,low,6,dynadot,,,01/10/2026 01:40
4654221d-d07a-4a6e-b0ce-d5a1c130b785,herbal.codes,available,3.98,92.98,high,low,6,namecheap,,,21/08/2026 06:58
69a3c758-a7c8-4cd3-bc82-8bd9891c5cc9,hypnotic.codes,available,3.98,92.98,high,low,8,namecheap,,,21/08/2026 17:07
366b6eff-d769-46a3-9424-ebc5608eafc1,incense.codes,available,8.5,,high,low,7,unstoppable,,,29/09/2026 19:17
91542b31-8d75-4f4d-8ebe-8e91c0be03a2,silverman.codes,available,8.99,71.99,medium,low,9,namesilo,,,28/09/2026 12:16
7e943557-4c8c-4793-b8b8-0671b0d4601c,maintained.codes,available,8.99,71.99,high,low,10,namesilo,,,25/09/2026 12:29
95ab7f66-0535-4f4b-8712-0f0023834a6e,tolkien.codes,available,4.63,57.16,medium,low,7,porkbun,,,28/09/2026 19:31
37f88367-6446-4ec9-a257-7f145b92ff4a,horizontal.codes,available,3.98,92.98,high,low,10,namecheap,,,21/08/2026 14:00
a8a6f83a-ca66-4f51-a736-6c7c43b55bf3,gloucester.codes,available,55.2,55.2,high,low,10,cloudflare,,,30/09/2026 09:55
891315e1-5cc1-49ab-bd54-0eea2b5e0f8b,kensington.codes,available,8.99,71.99,high,low,10,namesilo,,,30/09/2026 12:20
4f71d595-865f-472b-a8a1-5a13048b5be1,blocked.codes,available,3.98,92.98,high,low,7,namecheap,,,22/09/2026 22:08
449ccf1c-f5cc-4e25-a75f-3833fe6088af,castaway.codes,available,3.98,92.98,high,low,8,namecheap,,,04/09/2026 19:05
dc7ec99e-01a7-4ef4-bbc7-45aa73b48c4c,projector.codes,available,55.2,55.2,high,low,9,cloudflare,,,29/09/2026 20:04
12c8f462-2309-4c68-8351-45aee2261497,textures.codes,available,3.98,92.98,medium,low,8,namecheap,,,20/09/2026 19:34
7cbc44df-34f6-4268-a668-b12f6269248d,tarragon.codes,available,8.99,71.99,high,low,8,namesilo,,,20/09/2026 10:17
cac054d7-d09d-4a00-a5bd-2c04645d61cc,inform.codes,available,3.31,57.13,high,low,6,spaceship,,,30/09/2026 20:20
846c559b-b88e-4d66-b8fb-9b4261bc38ee,guildford.codes,available,3.31,57.13,medium,low,9,spaceship,,,29/09/2026 15:26
9aba9c04-0c48-478b-a87f-277ef50ce20a,geronimo.codes,available,8.99,71.99,high,low,8,namesilo,,,30/09/2026 17:28
36829ee5-073b-459a-8f38-02d8ab0782fc,hunker.codes,available,3.98,92.98,medium,low,6,namecheap,,,10/09/2026 17:39
ff0e3054-e696-4f3d-b77e-d7345529855c,bioassay.codes,available,8.99,71.99,medium,low,8,namesilo,,,23/09/2026 17:38
d7f529db-aa97-42e3-bb34-4fc29b295eb3,tentacular.codes,available,3.98,92.98,medium,low,10,namecheap,,,11/09/2026 11:35
eacdcf49-cb1a-4cbc-8a94-766567f58e31,curled.codes,available,3.98,92.98,medium,low,6,namecheap,,,13/08/2026 11:19
9cd292d2-71e1-4b24-b6b1-6b10124ab9d3,classify.codes,available,7.99,86.99,high,low,8,name.com,,,24/09/2026 15:20
695c5d3c-e6c4-420f-84ea-a87e997cdf40,nantucket.codes,available,55.2,55.2,medium,low,9,cloudflare,,,28/09/2026 19:57
ae1f2ef8-60e4-4f1e-ba03-2e6e81036a4e,mythologic.codes,available,3.98,92.98,medium,low,10,namecheap,,,03/09/2026 12:33
1617487d-daa0-47f2-97c3-6c613d0b7832,sayyid.codes,available,55.2,55.2,medium,low,6,cloudflare,,,30/09/2026 11:49
01cb87a1-9f43-4d5a-89e5-1e806fc9f5f4,andrena.codes,available,3.98,92.98,medium,low,7,namecheap,,,19/09/2026 04:31
9c6953d1-3286-4606-869f-6b2e667ce918,whipped.codes,available,55.2,55.2,medium,low,7,cloudflare,,,28/09/2026 21:21
c501a5f6-ed0d-42ef-ae9a-3c198a3365a8,thorne.codes,available,8.99,71.99,medium,low,6,namesilo,,,27/09/2026 20:29
7eebd7e8-9e4d-46f2-8a72-a35546c56601,would.codes,available,3.31,57.13,high,low,5,spaceship,,,30/09/2026 21:57
8ecc6647-7c62-4c19-9d96-e1329e8dcefd,timeline.codes,available,8.99,71.99,high,low,8,namesilo,,,27/09/2026 05:39
16afa400-a1f2-479c-ab8d-7d556e2fa57e,directive.codes,available,3.98,92.98,high,low,9,namecheap,,,14/08/2026 08:48
f9847dd3-26e9-44cd-8f87-5a67be76eb33,integration.codes,available,8.99,71.99,high,low,11,namesilo,,,29/09/2026 23:22
b02b2f82-f73f-441f-8aea-86b0d82fabf3,diameter.codes,available,55.2,55.2,high,low,8,cloudflare,,,29/09/2026 18:38
0db85928-4c60-45c9-86ba-d9e587457020,gilman.codes,available,55.2,55.2,medium,low,6,cloudflare,,,28/09/2026 09:22
832d69fe-9420-4a08-800b-629070a383af,stationed.codes,available,8.5,,medium,low,9,unstoppable,,,28/09/2026 17:32
de5d35c2-a016-479c-817f-3927eb03d317,morgue.codes,available,3.98,92.98,medium,low,6,namecheap,,,25/08/2026 06:42
d89403e3-f82e-460b-ae10-7bce3c7ca5d8,craved.codes,available,3.98,92.98,high,low,6,namecheap,,,13/08/2026 05:25
b6c4d778-eb77-4460-ab30-b1fd947c5db1,beefalo.codes,available,3.98,92.98,medium,low,7,namecheap,,,23/09/2026 01:04
4e01cfd1-3639-4f3f-86e7-9aded207b4d4,glare.codes,available,8.99,71.99,high,low,5,namesilo,,,24/09/2026 10:22
8dfade5c-d217-47d2-a762-050d4bf93576,bakeshop.codes,available,3.98,92.98,high,low,8,namecheap,,,21/09/2026 20:10
4bc3fa56-4b83-4540-871c-827dfc09fcd8,asinine.codes,available,3.98,92.98,low,low,7,namecheap,,,07/08/2026 02:35
21b43667-4230-49c7-b8a7-32e03304f2cd,wobbly.codes,available,3.31,57.13,medium,low,6,spaceship,,,27/09/2026 14:59
a99444be-7d90-44b5-a889-37086818d086,thermal.codes,available,8.99,71.99,high,low,7,namesilo,,,23/09/2026 12:37
59879f67-5ada-4402-9d5a-3e09fd774ce0,birthing.codes,available,3.98,92.98,high,low,8,namecheap,,,23/09/2026 21:07
5535930b-d995-4b80-9e08-c1ae7420a740,consume.codes,available,8.5,,high,low,7,unstoppable,,,29/09/2026 02:37
c44723f9-1f81-46cb-9453-a0db1efa7d3b,takashi.codes,available,8.5,,medium,low,7,unstoppable,,,30/09/2026 21:32
9097c8fb-a233-48ee-8a55-a5b09238ade8,shouted.codes,available,3.31,57.13,high,low,7,spaceship,,,27/09/2026 21:20
926fc578-a608-429d-8862-10ac5cfece1f,seraphical.codes,available,3.98,92.98,medium,low,10,namecheap,,,10/09/2026 04:31
91bb37a3-8b66-4446-9076-8c12480798af,epilepsy.codes,available,8.5,,medium,low,8,unstoppable,,,30/09/2026 01:32
2ec88acf-209a-4629-bec0-5c002f27a8f7,transport.codes,available,55.2,55.2,high,low,9,cloudflare,,,28/09/2026 08:14
c066831e-c2c3-4808-876a-2bee1c730a7d,muzzy.codes,available,3.98,92.98,medium,low,5,namecheap,,,10/08/2026 16:24
15308a59-ffc4-4109-99d3-05c9bb584c96,aggressive.codes,available,3.98,92.98,high,low,10,namecheap,,,21/09/2026 22:59
7fd87518-9304-455a-aba3-927ad4d2edd6,helical.codes,available,3.98,92.98,medium,low,7,namecheap,,,12/08/2026 16:11
81065bb1-134a-4283-a5a9-b9a046eadaf2,irvin.codes,available,8.5,,medium,low,5,unstoppable,,,28/09/2026 16:39
57d343c3-3f11-45ff-becd-c2fca9ac99df,patrons.codes,available,3.31,57.13,medium,low,7,spaceship,,,30/09/2026 14:47
9ec01f62-e671-4949-b433-222139b0f3a4,quelled.codes,available,3.98,92.98,medium,low,7,namecheap,,,09/09/2026 08:24
2e830762-2653-4deb-a2db-8124abd51172,burney.codes,available,8.5,,medium,low,6,unstoppable,,,30/09/2026 05:26
c37e5f17-cbbd-4bd1-95b4-986b8846edfd,peaches.codes,available,3.31,57.13,medium,low,7,spaceship,,,29/09/2026 11:22
0d034a68-ff3a-4db9-bcbb-4d025d10a9f2,clinging.codes,available,55.2,55.2,medium,low,8,cloudflare,,,30/09/2026 19:49
7c874b26-7e2e-4ea9-a9c5-b208d8484e1b,squatty.codes,available,3.98,92.98,medium,low,7,namecheap,,,24/08/2026 10:38
94825dd9-dfb0-45af-aa07-a5fd0b61eb16,howie.codes,available,3.98,92.98,medium,low,5,namecheap,,,29/09/2026 22:05
2ab06abe-cd45-4e5d-9642-ea1421dbaf0f,marginally.codes,available,3.98,92.98,medium,low,10,namecheap,,,15/09/2026 13:29
c708c362-9099-4980-b693-39ae5dc08cd5,sheer.codes,available,3.98,92.98,high,low,5,namecheap,,,22/09/2026 23:12
bed9c9fe-d728-4858-a511-c6c0848d7362,percussive.codes,available,3.98,92.98,high,low,10,namecheap,,,08/09/2026 16:22
8d0dbbfa-cec4-4d09-8fcd-d86b46a3e193,prepares.codes,available,4.63,57.16,medium,low,8,porkbun,,,30/09/2026 16:00
16dd25bf-e27d-4b06-b48f-a965f949be9a,revealing.codes,available,8.99,71.99,high,low,9,namesilo,,,27/09/2026 13:41
d6ea6a3d-bd07-4dde-b633-c7dcb7c74ac0,blissful.codes,available,3.98,92.98,high,low,8,namecheap,,,10/08/2026 14:33
35845453-94fa-490f-9954-73264ff07c57,absorption.codes,available,3.98,92.98,high,low,10,namecheap,,,16/09/2026 18:19
1fca449f-8ad7-4dda-b193-8911512d4deb,abkhazia.codes,available,8.99,71.99,medium,low,8,namesilo,,,16/09/2026 16:03
03fbfa2f-1174-49c5-8b22-5a2995283406,willingness.codes,available,11.99,,high,low,11,name.com,,,
bb75eca7-5de7-45e8-9c90-033850695180,coworker.codes,resell,,,high,low,9,"NameCheap, Inc.",04/04/2026 08:38,04/04/2027 08:38,26/09/2026 05:18
945dde85-44a3-4d4f-bdb5-f89e361a7885,farmland.codes,available,3.31,57.13,high,low,8,spaceship,,,01/10/2026 01:39
93fc08c7-7783-4cce-8104-8bba6273a4f7,shares.codes,available,11.99,,high,low,6,name.com,,,
61c4bbc2-d67d-418a-af4e-fbb57965b905,respite.codes,available,3.98,92.98,high,low,7,namecheap,,,16/09/2026 14:06
7b98038d-520a-4469-a6b7-d4dd82fbc67a,resister.codes,available,8.99,71.99,medium,low,8,namesilo,,,17/09/2026 10:48
41254908-a485-4e05-addb-9c4c2e063427,perimeter.codes,available,55.2,55.2,high,low,9,cloudflare,,,28/09/2026 01:41
0d4ed55c-c87b-40cf-8ab0-cd2ae1dce184,soften.codes,available,8.99,71.99,high,low,6,namesilo,,,30/09/2026 09:18
76a605f0-92c4-47f2-b3ab-8230df9cdb7e,banshee.codes,available,8.99,71.99,high,low,7,namesilo,,,22/09/2026 03:09
b42461e1-8f61-4f6e-b14a-26acf3bfa3cb,bloch.codes,available,3.31,57.13,medium,low,5,spaceship,,,28/09/2026 00:50
42f5fcde-d2b1-45ae-8cad-1f3811eba79e,pancakes.codes,available,3.98,92.98,medium,low,8,namecheap,,,30/09/2026 06:11
a4342d67-efd6-4637-99dc-23a621cac3d9,antiquated.codes,available,3.98,92.98,medium,low,10,namecheap,,,
67ae92e1-3f61-4c71-bd9e-bd833e5e56d3,cpc.codes,premium,,,high,low,3,,,,28/09/2026 16:33
6568a004-70a1-45cf-818b-ba2377bde343,coated.codes,available,3.98,92.98,medium,low,6,namecheap,,,12/08/2026 14:14
8b3811b6-6f24-4062-bec1-96142ed5ec61,vowels.codes,available,8.99,71.99,medium,low,6,namesilo,,,20/09/2026 00:07
6273b870-5124-4ec5-bb61-5938d5bfb097,boltzmann.codes,available,55.2,55.2,medium,low,9,cloudflare,,,30/09/2026 08:42
de08c7eb-0022-401a-a2d3-8da7e4a2d421,volleyball.codes,available,3.98,92.98,high,low,10,namecheap,,,30/09/2026 14:37
b49a79c4-9ef6-4eab-b153-40ed580405ae,marysville.codes,available,55.2,55.2,medium,low,10,cloudflare,,,30/09/2026 05:38
44ee4bf3-89bf-4bf4-829d-cd4237289148,suave.codes,available,7.99,86.99,high,low,5,name.com,,,13/08/2026 20:48
8ca75205-6927-4814-8a50-e738f4dacb7d,motorised.codes,available,3.98,92.98,medium,low,9,namecheap,,,25/08/2026 08:28
6b81dd16-a4f0-4d47-ac0b-0a421126d748,instruments.codes,available,55.2,55.2,high,low,11,cloudflare,,,30/09/2026 16:59
e65c8dd9-fdb5-42e0-8e6e-3e58838493d8,ampicillin.codes,available,8.99,71.99,medium,low,10,namesilo,,,18/09/2026 23:35
7905cd32-d18d-4172-9b20-5cc55468c43e,blemish.codes,available,8.99,71.99,medium,low,7,namesilo,,,24/09/2026 05:30
701575c1-fc01-4edd-8e3d-1d3a8cc1ae6d,arkansan.codes,available,8.99,71.99,medium,low,8,namesilo,,,20/09/2026 06:11
0d0c0a13-3422-4199-8dfe-5592eb154555,piss.codes,available,55.2,55.2,high,low,4,cloudflare,,,28/09/2026 10:21
00445943-4871-4d98-8a0f-b0594e353e86,issue.codes,available,8.99,71.99,high,low,5,namesilo,,,29/09/2026 11:12
e7070491-dd7a-46ca-adc1-348a937aa92a,unstrung.codes,available,3.98,92.98,medium,low,8,namecheap,,,12/09/2026 20:39
3c338473-38dc-4a58-9bcc-711b6e48d580,vulgar.codes,available,3.98,92.98,medium,low,6,namecheap,,,14/08/2026 22:44
86922ed3-4101-4254-8283-37fc1341bd28,untilled.codes,available,3.98,92.98,medium,low,8,namecheap,,,12/09/2026 21:24
d202017d-c661-4a8e-b8f7-a1338ea652c7,ldl.codes,available,8.99,71.99,high,low,3,namesilo,,,23/09/2026 10:53
a384ac2f-8255-41d1-ae3a-c023af2dc9be,crowned.codes,available,3.98,92.98,high,low,7,namecheap,,,13/08/2026 08:34
2b0cfbeb-8ce1-4709-b124-81a070c14eba,pearly.codes,available,3.98,92.98,high,low,6,namecheap,,,08/09/2026 11:21
0ba94470-190a-4164-ba14-cc611818816c,alcoves.codes,available,8.99,71.99,low,low,7,namesilo,,,20/09/2026 22:35
a59bd348-3504-4f0f-ab62-be0623b839be,potentially.codes,available,3.31,57.13,medium,low,11,spaceship,,,28/09/2026 07:08
a02f1579-e198-44b0-b9b2-c6240a56d40b,remembrances.codes,available,8.99,71.99,medium,low,12,namesilo,,,19/09/2026 23:41
e819936c-f9b2-45d8-bd6c-2cf0c207b168,bifocals.codes,available,8.99,71.99,high,low,8,namesilo,,,23/09/2026 13:53
3c96e7ec-cb0a-4003-8cfc-2649b0937e33,stannic.codes,available,3.98,92.98,low,low,7,namecheap,,,10/09/2026 18:41
998aaaf3-2fb0-4507-815d-e9ff34fc8c1e,acyl.codes,available,7.99,86.99,medium,low,4,name.com,,,17/09/2026 05:49
c2ff4a59-b29b-4ed7-bb47-65bd1878c94b,onomastic.codes,available,3.98,92.98,medium,low,9,namecheap,,,04/09/2026 15:15
3f59f57e-56d5-4356-ab68-f386ff87430e,screams.codes,available,8.99,71.99,medium,low,7,namesilo,,,28/09/2026 00:29
e131268c-2f3d-4b24-8113-81a5338b3856,blackened.codes,available,3.98,92.98,medium,low,9,namecheap,,,10/08/2026 11:47
ec513d9e-fea8-4bd8-a452-b1309c5cb9a2,translunar.codes,available,3.98,92.98,medium,low,10,namecheap,,,11/09/2026 02:19
bf9024db-5cee-4b87-b0da-b88ef8a4051f,colfax.codes,available,3.31,57.13,medium,low,6,spaceship,,,30/09/2026 13:56
63c7c133-f67b-4c07-8b4d-16a2ada560cc,grownup.codes,available,3.98,92.98,high,low,7,namecheap,,,
71a6916b-d27e-4cb7-ab2c-e9b7c2be4b7e,modulated.codes,available,3.98,92.98,medium,low,9,namecheap,,,25/08/2026 03:19
d2585b12-cd1b-4f21-b369-92cc9cdee479,anthrax.codes,available,8.99,71.99,medium,low,7,namesilo,,,19/09/2026 13:52
e7d6dba8-bae5-4339-be5b-2cecadf5b537,pitt.codes,available,8.99,71.99,high,low,4,namesilo,,,25/09/2026 06:04
c8f4536b-6ea1-4b21-8de6-74ec8082b7b7,screecher.codes,available,8.99,71.99,medium,low,9,namesilo,,,22/09/2026 17:04
6832dfa9-446e-4028-89b2-066ae80f70f9,crossword.codes,available,3.98,92.98,high,low,9,namecheap,,,24/09/2026 19:41
c31429d0-6c24-4f58-94a5-87dfb57b1ccd,jars.codes,available,3.31,57.13,medium,low,4,spaceship,,,30/09/2026 07:13
6976539a-fbc5-4756-ae11-55a03e756933,bodied.codes,available,3.98,92.98,medium,low,6,namecheap,,,10/08/2026 16:44
f7b85d3d-8342-4ff6-8609-9711a373d578,stuffing.codes,available,4.63,57.16,high,low,8,porkbun,,,29/09/2026 14:01
f2bf5264-0f54-4c09-9594-a9ea90a5d563,neuronic.codes,available,3.98,92.98,medium,low,8,namecheap,,,03/09/2026 16:21
86f8e180-d066-4c16-ae45-2d402794d4ff,tongues.codes,available,8.99,71.99,medium,low,7,namesilo,,,18/09/2026 07:52
66476994-eeab-4b1c-a48c-73ed82982f1f,ivory.codes,available,3.98,92.98,high,low,5,namecheap,,,04/09/2026 01:20
7147c38a-d7a1-489a-807e-e15cb1f75ea1,spangled.codes,available,3.98,92.98,high,low,8,namecheap,,,18/08/2026 21:17
393b378a-4435-4c34-9eb5-3823d4cf66ce,ahorseback.codes,available,3.98,92.98,medium,low,10,namecheap,,,
325c8759-fa36-4c15-8782-bd8269c9f27e,blackfly.codes,available,8.99,71.99,medium,low,8,namesilo,,,19/09/2026 17:06
7d37d2cb-954c-4e51-b748-e3e6d30a2490,kenyan.codes,available,3.98,92.98,high,low,6,namecheap,,,22/08/2026 15:34
559bb08b-3b33-45c4-ab3c-2feeb2b6b00c,dastardly.codes,available,7.99,86.99,medium,low,9,name.com,,,13/08/2026 18:31
81c98218-e2df-47a9-9900-b8053f194217,anlage.codes,available,8.99,71.99,high,low,6,namesilo,,,19/09/2026 09:53
5b7adb10-3bac-4e2d-a854-92d4efcfee10,oversea.codes,available,3.98,92.98,medium,low,7,namecheap,,,04/09/2026 21:46
4367ad7a-8177-44d9-b467-2adab4b66a35,unshaved.codes,available,3.98,92.98,low,low,8,namecheap,,,12/09/2026 19:42
bf5507b3-f9b6-4bda-991e-18e6ffb1610f,baked.codes,available,3.98,92.98,high,low,5,namecheap,,,
4fa73e0e-a0ea-4ccf-88ea-5ed03d825578,endermic.codes,available,3.98,92.98,medium,low,8,namecheap,,,17/08/2026 00:56
bbb6f253-2c6d-407b-ac4f-f6f53cb07bd7,asynergy.codes,available,3.98,92.98,medium,low,8,namecheap,,,20/09/2026 18:52
7f5eb679-0976-48b7-9ff9-db687e46af95,solidified.codes,available,3.98,92.98,medium,low,10,namecheap,,,10/09/2026 13:41
5fc2adfc-e51c-4943-ad4f-c0aeadc0a29c,whitten.codes,available,3.98,92.98,high,low,7,namecheap,,,30/09/2026 04:15
285fa155-5c9b-4f3a-82ed-3e366a4fcd13,cannoneer.codes,available,8.99,71.99,medium,low,9,namesilo,,,20/09/2026 11:44
193bb1b2-a9f9-4f3e-9e4f-dc174997cf36,groundless.codes,available,3.98,92.98,medium,low,10,namecheap,,,08/08/2026 21:49
392362fc-b970-4f87-8e1c-295b59eb2848,raised.codes,available,8.99,71.99,high,low,6,namesilo,,,23/09/2026 09:46
925763a8-7891-4b54-bb07-e946a2b2e31f,ageing.codes,available,3.98,92.98,high,low,6,namecheap,,,21/09/2026 22:43
cf03cac4-6338-4deb-80ac-626fdc51eb1e,precipitous.codes,available,11.99,,medium,low,11,name.com,,,
8d4f081f-c314-4323-a479-25e6141bcdb6,derivable.codes,available,3.98,92.98,medium,low,9,namecheap,,,14/08/2026 03:00
1ca1bec1-c008-487d-a8fd-c7b9482dde6e,berretta.codes,available,3.98,92.98,medium,low,8,namecheap,,,23/09/2026 10:07
4de7619a-2c50-4b16-ad76-e8d8876a39f5,buddhist.codes,available,3.98,92.98,high,low,8,namecheap,,,11/08/2026 07:39
0c5a389a-a7fd-41e6-8b8b-baff6734f67f,waist.codes,available,8.99,71.99,high,low,5,namesilo,,,28/09/2026 06:51
696d5f53-90d7-495f-a297-eac562ad4381,bauhaus.codes,available,8.99,71.99,high,low,7,namesilo,,,22/09/2026 16:36
d1b5d3c6-81d3-480e-9b21-c56e19b722fe,blowing.codes,available,3.98,92.98,medium,low,7,namecheap,,,25/09/2026 00:21
b8721a8b-5fda-42d0-8ad9-1c913eb25d3e,bawling.codes,available,3.98,92.98,medium,low,7,namecheap,,,13/09/2026 07:42
523a1307-af2e-4ce1-b753-cdf783dfb723,moi.codes,available,55.2,55.2,high,low,3,cloudflare,,,01/10/2026 01:27
c13bf187-1d2a-4f3e-ab4c-cb4930085c7b,militia.codes,available,4.63,57.16,high,low,7,porkbun,,,29/09/2026 19:40
c3bd04c3-7c21-42f9-8d18-301e8e4cd6d6,rfc.codes,available,8.99,71.99,high,low,3,namesilo,,,27/09/2026 06:31
8a143538-edb4-41e7-814a-484f25c8705d,carrying.codes,available,11.99,,high,low,8,name.com,,,
15e723a6-85f4-425e-bce5-cec96aa2109d,buns.codes,available,3.98,92.98,medium,low,4,namecheap,,,09/08/2026 10:54
83e727f5-074d-4562-9e5e-0e5c1b47bb2f,chest.codes,available,8.99,71.99,high,low,5,namesilo,,,24/09/2026 10:14
c95e5628-9332-4a30-9532-d6471e521813,yalta.codes,available,3.31,57.13,medium,low,5,spaceship,,,30/09/2026 19:08
42c9f6bf-e02e-4cb4-b3cd-7b54154afb1d,chemicals.codes,available,8.99,71.99,medium,low,9,namesilo,,,28/09/2026 08:24
7f1de6d4-5875-4813-b219-0a17afbd80be,hutchins.codes,available,55.2,55.2,medium,low,8,cloudflare,,,28/09/2026 19:28
c7c569e5-36b2-4dc2-a4f4-b95c47a87068,virile.codes,available,3.98,92.98,high,low,6,namecheap,,,13/09/2026 06:04
c8073acf-b4fd-4fa2-b0ce-f3affad6f7b2,month.codes,available,3.31,57.13,high,low,5,spaceship,,,29/09/2026 05:48
40b7f473-dfde-4dcd-9e84-9c4a99f06b00,valentina.codes,available,3.31,57.13,high,low,9,spaceship,,,30/09/2026 21:18
bd006e20-7176-45bf-8bef-168561c66e6a,desert.codes,available,8.99,71.99,high,low,6,namesilo,,,24/09/2026 06:40
0c22a086-1c21-4dc5-8951-53d175accfc6,photography.codes,available,8.99,71.99,high,low,11,namesilo,,,28/09/2026 07:43
6162b047-81ea-420a-a54f-356b6ca76ccd,cutter.codes,available,8.5,,medium,low,6,unstoppable,,,28/09/2026 13:49
ea265153-33f7-49f9-9f02-e81caa622725,pictured.codes,available,3.98,92.98,medium,low,8,namecheap,,,14/08/2026 02:14
8d4f3601-9e24-46a8-9aff-f4b582848de4,freely.codes,available,4.63,57.16,high,low,6,porkbun,,,28/09/2026 14:56
cef3aa83-9ec1-4111-b78a-850272491ec7,cushion.codes,available,3.98,92.98,high,low,7,namecheap,,,24/09/2026 20:36
b93d4d27-64fe-4a02-b5a8-27541ee05a38,oem.codes,available,8.99,71.99,high,low,3,namesilo,,,30/09/2026 11:44
b3d21411-c513-4c33-8b9a-224f94d0113b,webmasters.codes,available,8.99,71.99,medium,low,10,namesilo,,,18/09/2026 23:06
36e69c14-6e98-4e08-befb-6be102cb9276,porcine.codes,available,3.98,92.98,medium,low,7,namecheap,,,21/08/2026 10:21
3aa3b888-7206-4403-8502-6170c9e0929e,stylized.codes,available,3.98,92.98,high,low,8,namecheap,,,08/09/2026 05:30
9264458d-1eeb-4e72-9e7b-c394f403406c,anthesis.codes,available,3.98,92.98,high,low,8,namecheap,,,18/08/2026 09:06
408be588-be99-495e-a527-ff6e431e0bf1,bangtail.codes,available,8.99,71.99,medium,low,8,namesilo,,,22/09/2026 02:02
f3470251-6267-4c76-948d-2a394b0b697a,kits.codes,available,3.31,57.13,high,low,4,spaceship,,,30/09/2026 07:22
ef21bb89-39e9-4715-937b-92b26bd681f7,crybaby.codes,available,8.99,71.99,medium,low,7,namesilo,,,23/09/2026 06:47
ee58dac5-1933-491d-a86d-19120bef6fa3,salubrious.codes,available,3.98,92.98,high,low,10,namecheap,,,20/08/2026 16:33
e7231590-9904-4f02-87c5-96be6636e4a3,doubles.codes,available,3.98,92.98,high,low,7,namecheap,,,28/09/2026 18:58
6db8cf23-8198-40a2-aa2a-7b0578168c09,altimeter.codes,available,8.99,71.99,medium,low,9,namesilo,,,18/09/2026 14:58
c78312db-abbb-4fa3-8ff3-99ed08d46bf6,monumental.codes,available,8.99,71.99,high,low,10,namesilo,,,25/09/2026 17:13
d65e513d-344c-48a3-b674-190e9587d3b7,fortuitous.codes,available,3.98,92.98,high,low,10,namecheap,,,18/08/2026 12:43
ce94c73e-b6b6-436c-8aad-45af8a7b95c7,cdna.codes,available,8.99,71.99,medium,low,4,namesilo,,,30/09/2026 09:00
b8c56a6a-212d-47a0-8afe-1405b965d0c4,given.codes,available,8.99,71.99,high,low,5,namesilo,,,24/09/2026 22:16
8d0fb404-e143-4310-baff-aa85b56f12cc,berberis.codes,available,7.99,86.99,high,low,8,name.com,,,23/09/2026 09:08
b6bd6579-2a4a-42c9-b0fa-995245635024,yahya.codes,available,8.99,71.99,medium,low,5,namesilo,,,30/09/2026 13:53
836cfdc1-b2ab-4ef3-8c0a-3ba6a54e65e4,experience.codes,available,3.31,57.13,high,medium,10,spaceship,,,29/09/2026 18:39
2ee501e2-746c-40d7-bdb5-b77d25c43669,olives.codes,available,8.99,71.99,medium,low,6,namesilo,,,20/09/2026 04:34
da7ca636-c91b-46ff-b321-5057b73b0f72,sublimely.codes,available,8.99,71.99,medium,low,9,namesilo,,,16/09/2026 07:34
f5ed09b4-f3b8-4789-815e-eb270125d1c7,multitude.codes,available,8.99,71.99,high,low,9,namesilo,,,29/09/2026 10:33
b538342c-73dc-4c51-b7d2-c175867d17d9,bikers.codes,available,8.99,71.99,high,low,6,namesilo,,,23/09/2026 15:36
2190e137-e230-49f4-986e-469fcc82ac15,birdfeeder.codes,available,3.98,92.98,medium,low,10,namecheap,,,23/09/2026 19:53
2eca268c-db1d-413e-8fe5-b8967c709efd,lankan.codes,available,3.31,57.13,medium,low,6,spaceship,,,29/09/2026 09:15
d2ee487a-68e3-4538-aacc-aadf564ae126,swamp.codes,available,8.99,71.99,high,low,5,namesilo,,,24/09/2026 21:44
ffe8a5c0-fc83-4e0f-bc4e-dfd9f5a34cd7,supportive.codes,available,4.63,57.16,high,low,10,porkbun,,,28/09/2026 02:03
dcd47c8e-0c15-49bc-989c-f071a77fe412,enzyme.codes,available,8.99,71.99,high,low,6,namesilo,,,29/09/2026 12:12
af235169-7aed-415d-81ac-47c0636f04b5,themselves.codes,available,3.98,92.98,medium,low,10,namecheap,,,25/09/2026 16:52
ca7a9268-c202-4501-9aea-e645404fcb72,shears.codes,available,8.5,,high,low,6,unstoppable,,,30/09/2026 11:05
9e2bfb9d-7235-486f-a0ea-36328e403cdb,aperiodic.codes,available,3.98,92.98,medium,low,9,namecheap,,,05/08/2026 22:30
984e1854-1f3c-4935-a4ea-132281c3a878,ent.codes,available,3.31,57.13,high,low,3,spaceship,,,29/09/2026 08:56
3ec2063a-ec80-4a36-93cc-505dc9935e5b,tortrix.codes,available,8.99,71.99,medium,low,7,namesilo,,,20/09/2026 05:04
3ff5685f-5b8e-4b5f-9386-adace23e34ca,crowing.codes,available,3.98,92.98,medium,low,7,namecheap,,,10/08/2026 16:37
f2c1d38f-d64e-4706-9578-bf02b7f19e18,melodic.codes,available,3.98,92.98,high,low,7,namecheap,,,24/08/2026 19:41
60e43051-93c8-4b2b-9b2f-679bdf94e0f4,virginity.codes,available,3.31,57.13,high,low,9,spaceship,,,29/09/2026 20:35
f8bafd0e-699b-4b54-8a34-6773c0bae1c3,provoke.codes,available,8.5,,high,low,7,unstoppable,,,29/09/2026 22:15
58bacae5-8b9a-4d28-bf98-3ea9284e0073,patents.codes,available,55.2,55.2,medium,low,7,cloudflare,,,01/10/2026 00:20
cbdec655-7fb7-4c1c-a2c3-61260b5fda2e,organisation.codes,available,3.31,57.13,medium,low,12,spaceship,,,29/09/2026 04:49
b4ec6fe5-9ccf-4d56-b263-39eb631e91a0,saxophone.codes,available,8.5,,high,low,9,unstoppable,,,29/09/2026 20:17
36baa2a1-9424-4383-98a2-72e8a4f118d4,survival.codes,available,4.5,59.07,high,low,8,dynadot,,,27/09/2026 14:56
8dd0baef-07b3-42c1-87ae-011d6a362c7f,finalize.codes,available,3.98,92.98,high,low,8,namecheap,,,30/09/2026 19:52
e27e88d0-a3e0-410c-802b-2dc462f2c9f6,additive.codes,available,3.98,92.98,high,low,8,namecheap,,,
550fafb0-e956-49a1-a51e-a2471629712a,avuncular.codes,available,3.98,92.98,medium,low,9,namecheap,,,07/08/2026 23:51
f7757d8c-e62e-4bd9-874b-88ea00ba8a9f,cytokines.codes,available,3.31,57.13,low,low,9,spaceship,,,29/09/2026 06:01
ac56a9df-7748-456d-94b9-f3c7266b6299,regulatory.codes,available,3.98,92.98,high,low,10,namecheap,,,09/09/2026 13:17
731e76ae-459f-4622-865d-7fe52687a22a,allergist.codes,available,3.31,57.13,medium,low,9,spaceship,,,28/09/2026 20:30
0f60bb56-e2c0-4d24-9eff-43125a6f225b,thicker.codes,available,3.98,92.98,medium,low,7,namecheap,,,29/09/2026 16:25
cf2b421a-7cc8-4891-afd1-461e7feb28da,omaha.codes,premium,,,high,low,5,,,,28/09/2026 14:49
d22b997a-526a-4955-971d-68c6d78c1ef3,cavalry.codes,available,4.63,57.16,high,low,7,porkbun,,,28/09/2026 09:16
fcde553a-b6ba-4b15-9553-074c2f01b6ad,bailor.codes,available,3.98,92.98,medium,low,6,namecheap,,,21/09/2026 19:14
c7d2d3c2-e990-4c3f-94b1-86e9cdb49694,plausibly.codes,available,3.98,92.98,medium,low,9,namecheap,,,14/09/2026 09:28
e934ce4f-ef0f-4f9d-a6e6-a72b24f00ea1,terrorist.codes,available,3.98,92.98,medium,low,9,namecheap,,,25/09/2026 10:50
af2d14f6-2b3d-4cd2-a553-75453bc4dba2,cubical.codes,available,3.98,92.98,medium,low,7,namecheap,,,13/08/2026 09:51
9edbcc8a-fc93-4a84-b3bd-87399e12cbc9,chainlike.codes,available,3.98,92.98,medium,low,9,namecheap,,,11/08/2026 21:34
06648aa0-b389-41c6-aa07-4cce985d319a,relate.codes,available,3.98,92.98,high,low,6,namecheap,,,07/08/2026 07:03
8085cc30-b65c-4329-9dc3-a7a9592f9bd1,payback.codes,available,8.5,,high,low,7,unstoppable,,,30/09/2026 10:49
21361d21-603d-489f-a69d-a60860b6f925,whitish.codes,available,3.98,92.98,medium,low,7,namecheap,,,24/08/2026 23:06
8039839b-fa44-47e3-825d-875ed7cf62a1,sexiness.codes,available,8.99,71.99,high,low,8,namesilo,,,18/09/2026 16:14
207838a6-5fc7-4784-bd62-ac587aed56d7,unstylish.codes,available,3.98,92.98,medium,low,9,namecheap,,,10/09/2026 23:17
eec81891-0aaf-48a5-a1da-aad85c860205,keynote.codes,available,3.31,57.13,high,low,7,spaceship,,,30/09/2026 17:48
791dde91-6c69-4b89-9990-a522548ba35c,copular.codes,available,3.98,92.98,medium,low,7,namecheap,,,13/08/2026 00:38
1074b4bb-a1bb-4403-96f8-9758e0f4b430,polychrome.codes,available,3.98,92.98,high,low,10,namecheap,,,08/09/2026 23:11
058a270f-0beb-4777-ac93-5d7c5bcc8cfd,examiner.codes,available,4.5,59.07,medium,low,8,dynadot,,,28/09/2026 14:05
1893cf8e-0a34-44cf-b996-2c26c974ff12,lord.codes,available,3.98,92.98,high,low,4,namecheap,,,22/09/2026 01:47
f2a7bf30-6972-4ac8-8206-d6a7917126a6,accession.codes,available,3.98,92.98,high,low,9,namecheap,,,16/09/2026 22:09
b5ae885f-f0e7-4dcc-9293-97546da46781,funds.codes,available,3.31,57.13,high,low,5,spaceship,,,29/09/2026 07:34
cd45f75e-8289-410e-878a-24194658b865,amazons.codes,available,8.99,71.99,medium,low,7,namesilo,,,21/09/2026 05:29
ee894ca5-5e30-40cf-8253-aed8c4bd15cf,spine.codes,available,4.63,57.16,high,low,5,porkbun,,,28/09/2026 17:17
16253345-17c0-4637-9d4e-07f4819e921d,swishing.codes,available,8.99,71.99,high,low,8,namesilo,,,18/09/2026 03:16
51cc10d3-121e-446f-84e3-ceeb2b67a64e,visored.codes,available,3.98,92.98,medium,low,7,namecheap,,,13/09/2026 06:15
3ff613a8-3ca2-4bcc-9e42-de74140be5ba,coulson.codes,available,8.5,,medium,low,7,unstoppable,,,30/09/2026 21:34
2636a8f8-c87a-409a-b63f-52f3abdfd572,specialist.codes,available,55.2,55.2,high,low,10,cloudflare,,,28/09/2026 02:23
e303031a-c9f6-4812-812c-d4afb7cd1fbf,segment.codes,available,55.2,55.2,high,low,7,cloudflare,,,28/09/2026 20:24
1884e02c-7f73-47b7-91c6-f92943857060,hutchison.codes,available,55.2,55.2,medium,low,9,cloudflare,,,28/09/2026 22:09
7c216363-e84f-496d-9197-a7fc9c09707e,trucking.codes,available,8.99,71.99,high,low,8,namesilo,,,01/10/2026 02:27
6a56d425-1d69-4c81-be7b-6ac9bfc3be1d,consciously.codes,available,8.5,,medium,low,11,unstoppable,,,30/09/2026 20:00
78043774-f558-4756-a149-294dcd4caf28,genoa.codes,available,8.99,71.99,high,low,5,namesilo,,,30/09/2026 09:54
327b336c-8b36-4d2b-9786-d549b0c8f486,mistreated.codes,available,3.98,92.98,medium,low,10,namecheap,,,21/08/2026 19:35
f33a338c-a398-42e9-ab40-0636175485b0,tempted.codes,available,8.5,,medium,low,7,unstoppable,,,29/09/2026 16:59
647f0eef-9876-4729-aa30-02fd6b83f7e0,audition.codes,available,8.99,71.99,high,low,8,namesilo,,,21/09/2026 03:09
fe457d31-5bea-4b1f-82ec-86c6c725df97,comes.codes,available,8.99,71.99,high,low,5,namesilo,,,17/09/2026 22:46
8b169dd5-98ee-4dbf-92d5-7ac6fe822a80,amish.codes,available,8.99,71.99,high,low,5,namesilo,,,18/09/2026 21:52
5ec55d84-864a-4d78-8e66-0ad7ef16f740,older.codes,available,8.99,71.99,high,low,5,namesilo,,,21/09/2026 22:32
c57731e6-ff5a-4aa2-952f-8889c0b0312c,blackening.codes,available,7.99,86.99,medium,low,10,name.com,,,13/08/2026 18:12
88cc798b-8039-4b7c-91e4-6570b81ecce3,auroral.codes,available,8.99,71.99,medium,low,7,namesilo,,,22/09/2026 13:08
95d995a8-cf62-47e4-957a-b868a18f5939,fulminant.codes,available,3.98,92.98,medium,low,9,namecheap,,,18/08/2026 18:18
d7bbe36d-c17e-4365-9859-d764b3ffcfb8,pulp.codes,available,4.5,59.07,high,low,4,dynadot,,,29/09/2026 07:38
b95ce2b7-1824-4498-80ae-cd3cd48d4365,fall.codes,available,8.99,71.99,high,low,4,namesilo,,,28/09/2026 09:35
049d37a0-636a-4b11-9c10-151de2cab798,wavelength.codes,available,8.99,71.99,high,low,10,namesilo,,,30/09/2026 03:06
a69c5946-3750-45e2-9147-3a9eb9a4d1b2,bessie.codes,available,8.99,71.99,medium,low,6,namesilo,,,28/09/2026 03:55
733d6be8-13a8-4a60-ae4f-98ea074d0a7c,shanghai.codes,premium,54.36,108.6,high,low,8,porkbun,,,29/09/2026 08:03
391ca636-6ca5-499a-ae09-898bcdf039e4,fined.codes,available,4.5,59.07,medium,low,5,dynadot,,,30/09/2026 15:19
95fe553d-6e08-4093-a67c-9e9d3135e84a,asthmatic.codes,available,3.98,92.98,medium,low,9,namecheap,,,22/09/2026 10:23
2436fa3a-7cdd-4d04-b3f8-8e16a53e03e1,advantages.codes,available,8.99,71.99,medium,low,10,namesilo,,,17/09/2026 07:07
04b7dfdc-0aaf-44ee-a93c-803624a44f44,toiling.codes,available,3.98,92.98,medium,low,7,namecheap,,,14/08/2026 20:00
ac69337b-6ef4-4b5a-a8a3-ea61dadc04d3,catastrophe.codes,available,8.99,71.99,medium,low,11,namesilo,,,28/09/2026 22:54
faac2764-2af9-4842-9caf-9f2bf8c5e229,nucleonics.codes,available,8.99,71.99,high,low,10,namesilo,,,21/09/2026 00:14
0712d791-1e74-4b0a-bda9-87bb6d6136fb,suddenly.codes,available,7.99,86.99,medium,low,8,name.com,,,13/08/2026 19:19
7d33cc0e-4b9c-412e-99c3-53a20e6bbc4a,catania.codes,available,55.2,55.2,medium,low,7,cloudflare,,,29/09/2026 23:03
95820ca6-7499-45f3-80ba-80f55a118b9e,seductive.codes,available,3.98,92.98,high,low,9,namecheap,,,10/09/2026 01:39
af76076a-fd5d-4e10-8fdb-21aef28aed75,questioning.codes,available,8.99,71.99,medium,low,11,namesilo,,,27/09/2026 09:01
4d9b5e52-2830-4393-b167-5d3a017deb4d,rembrandt.codes,available,8.5,,high,low,9,unstoppable,,,28/09/2026 15:14
3bd4fa1a-ee61-4ac4-bbfc-96b9441469ba,toetoe.codes,available,8.99,71.99,medium,low,6,namesilo,,,20/09/2026 12:22
87718471-2698-49fc-8bd4-b4b1f48c3398,peroxide.codes,available,3.31,57.13,high,low,8,spaceship,,,01/10/2026 02:39
c0299bc1-cc74-41ab-8836-ece117782fb3,asbestosis.codes,available,8.99,71.99,medium,low,10,namesilo,,,20/09/2026 12:56
6758a386-6a6d-4981-9081-6540ac1e0de0,capsule.codes,available,3.31,57.13,high,low,7,spaceship,,,28/09/2026 05:53
b4ab18f9-25ab-465c-892b-3cf5b495436d,chromatic.codes,available,3.98,92.98,high,low,9,namecheap,,,12/08/2026 07:22
7b5e771b-fe7d-4f49-8db4-cf7627ae2702,damaged.codes,available,7.99,86.99,medium,low,7,name.com,,,13/08/2026 16:03
589f3154-a6c7-470b-b704-138be97ecc34,bremen.codes,available,3.98,92.98,high,low,6,namecheap,,,25/09/2026 21:59
66f1a494-0068-4855-b6fe-179abcc387e5,lineage.codes,available,3.98,92.98,high,low,7,namecheap,,,08/09/2026 13:04
07ae16eb-2bae-47fb-8434-54f5e7351a1b,grower.codes,available,7.99,86.99,high,low,6,name.com,,,17/09/2026 19:21
95411759-03f4-4930-9fef-1e04438b3218,trespass.codes,available,55.2,55.2,high,low,8,cloudflare,,,01/10/2026 03:42
86647871-5ea1-4675-9d71-2aec937cf31f,josephine.codes,available,8.99,71.99,high,low,9,namesilo,,,28/09/2026 12:04
d39ee64f-9e1e-4256-875b-e13646ea041a,trieste.codes,available,8.99,71.99,medium,low,7,namesilo,,,27/09/2026 18:38
35aab4b2-bfc2-4bcc-84ed-cdc5ea1d92ae,loretta.codes,available,4.5,59.07,medium,low,7,dynadot,,,28/09/2026 22:00
704d35c7-292c-444b-9367-3837523b43d0,combination.codes,available,3.98,92.98,high,low,11,namecheap,,,27/09/2026 02:14
904c7972-816d-4c4b-aa48-f3c7aad363ac,verbalise.codes,available,3.98,92.98,medium,low,9,namecheap,,,13/09/2026 00:16
7c7e1bd2-d8fe-41e8-855a-35417c8afc51,generally.codes,available,3.31,57.13,medium,low,9,spaceship,,,28/09/2026 13:35
6e390996-0c68-4d85-acc7-fcda20d53258,venter.codes,available,8.99,71.99,medium,low,6,namesilo,,,16/09/2026 14:46
5eef7fea-2838-4002-a057-fe720168a086,mead.codes,available,3.31,57.13,high,low,4,spaceship,,,30/09/2026 17:28
e5e0848e-b325-4278-a1dd-b0105c262aa5,ceiling.codes,available,3.98,92.98,high,low,7,namecheap,,,24/09/2026 13:23
a14b826f-9c1a-484b-963a-91c16d9a2175,deemed.codes,available,8.99,71.99,high,low,6,namesilo,,,29/09/2026 23:04
a6503f6b-f4c0-4b61-872c-cea8a6485178,vehicular.codes,available,3.98,92.98,medium,low,9,namecheap,,,13/09/2026 01:48
5815b013-05c6-41d2-9e91-9eaa8ef56f23,borland.codes,available,3.31,57.13,high,low,7,spaceship,,,30/09/2026 21:58
54457c6a-b6a3-4261-8fd5-0ad36808285f,watersheds.codes,available,3.31,57.13,low,low,10,spaceship,,,28/09/2026 23:41
f5d681ba-eb0e-431e-a2de-85a8d786aab8,hoping.codes,available,3.98,92.98,high,low,6,namecheap,,,25/09/2026 11:50
f5d10a0e-5317-4dc0-909d-2899be861926,judges.codes,available,8.99,71.99,medium,low,6,namesilo,,,29/09/2026 03:34
dd0fd324-9c72-493d-b407-fd4ef6ec0732,foretoken.codes,available,8.99,71.99,medium,low,9,namesilo,,,21/09/2026 03:42
4a3f7ec3-404b-46f9-aceb-a04e1df4505e,exhausting.codes,available,3.98,92.98,medium,low,10,namecheap,,,14/08/2026 18:21
d28ba6b8-ea77-4416-8c75-fbe2ab94bcc5,swinging.codes,available,3.98,92.98,high,low,8,namecheap,,,23/08/2026 08:43
7ee98bc6-4edd-4bf6-b4b3-88d0549f5b4e,swarthmore.codes,available,3.31,57.13,medium,low,10,spaceship,,,30/09/2026 04:33
9163b6f5-3a23-4f23-94d9-e77cf008b619,lazarus.codes,available,3.31,57.13,high,low,7,spaceship,,,29/09/2026 19:32
ff696022-abad-4ab9-bfe1-0353f0384415,cranes.codes,available,9.99,121.99,medium,low,6,godaddy,,,01/10/2026 00:39
6caf24b9-cbfb-428c-83b5-2e26434c3c97,fraternity.codes,available,8.99,71.99,high,low,10,namesilo,,,28/09/2026 14:13
3e8a8a30-51a5-4034-a7c6-0acd150f776e,boating.codes,available,3.31,57.13,high,low,7,spaceship,,,29/09/2026 18:01
fc3c45a6-008c-444d-ad54-c0540b8a7146,auditorium.codes,available,8.99,71.99,high,low,10,namesilo,,,21/09/2026 03:13
dd81b3e8-b4ad-4b69-8e99-93c280557786,boiled.codes,available,3.98,92.98,high,low,6,namecheap,,,10/08/2026 17:32
c28c90cf-3ac9-42ee-87ed-7c2475f86d2e,omdurman.codes,available,8.99,71.99,medium,low,8,namesilo,,,22/09/2026 15:32
0b196da8-842d-4649-879d-ee687be23d88,andorran.codes,available,3.98,92.98,medium,low,8,namecheap,,,
b1ff7c21-395f-47f3-b879-d24775c2538c,corky.codes,available,3.98,92.98,high,low,5,namecheap,,,13/08/2026 01:23
7cb51358-e005-4142-8711-484834646840,biosphere.codes,available,3.98,92.98,high,low,9,namecheap,,,23/09/2026 19:04
fe7e1131-c800-46d4-8412-5a5ffacc704c,abidjan.codes,available,8.99,71.99,medium,low,7,namesilo,,,16/09/2026 15:38
faba6e73-087c-4361-8fd8-75e2d4df3a1b,algometric.codes,available,3.98,92.98,medium,low,10,namecheap,,,
7092165e-e72b-42f3-8024-686f9890fe1d,fragrant.codes,available,3.98,92.98,high,low,8,namecheap,,,18/08/2026 14:03
7e0db7c1-733a-4365-80b3-b4d393235aa9,radioactive.codes,available,3.98,92.98,medium,low,11,namecheap,,,28/09/2026 11:17
c6f00fc4-ec98-4839-ab99-d85ae170c485,saucepan.codes,available,3.31,57.13,high,low,8,spaceship,,,30/09/2026 10:36
e9606006-6a3e-4a22-9b2d-a1a7a7b239f7,catcher.codes,available,8.99,71.99,high,low,7,namesilo,,,21/09/2026 16:05
b07ecf52-c1e0-41de-aa4d-2459e6f78bfa,stating.codes,available,11.99,,high,low,7,name.com,,,
b52f5573-81b0-41bb-978a-31ffb931c1d4,prolix.codes,available,3.98,92.98,medium,low,6,namecheap,,,09/09/2026 03:04
d01fc63f-c53a-4f1c-949d-7fc29053233c,backtalk.codes,available,8.99,71.99,medium,low,9,namesilo,,,21/09/2026 14:51
867c037e-721f-487c-9b66-6b40d998e308,bedding.codes,available,7.99,86.99,high,low,7,name.com,,,22/09/2026 22:50
03f59da2-8c21-4bf8-94d0-69c44aacd1fc,anal.codes,available,3.98,92.98,high,low,4,namecheap,,,
8333532e-7afe-4496-93e5-9dee5fe1c421,overloaded.codes,available,3.98,92.98,medium,low,10,namecheap,,,04/09/2026 20:54
a9ed16cf-4b09-4c6b-b827-fa5646d61d9e,umpteenth.codes,available,3.98,92.98,medium,low,9,namecheap,,,11/09/2026 23:09
4b2fcce7-f5c8-4291-a60c-17cb48227262,bottoms.codes,available,3.98,92.98,medium,low,7,namecheap,,,20/09/2026 18:24
06bbc748-23d2-42e0-9db8-0439a5b5aec1,precast.codes,available,3.98,92.98,high,low,7,namecheap,,,16/09/2026 01:12
b8b874ba-e04c-4ce6-83d2-0d1f6b3f6a64,composite.codes,available,8.99,71.99,high,low,9,namesilo,,,23/09/2026 17:39
fe0d16a9-c558-4510-9c33-36e806b94553,ethel.codes,available,8.99,71.99,high,low,5,namesilo,,,28/09/2026 07:21
db08c0d8-8694-4f33-9857-ad6e4e4509a8,interval.codes,available,8.99,71.99,high,low,8,namesilo,,,29/09/2026 13:09
e13a590e-9ec7-48bf-a192-b053b366b7d8,treachery.codes,available,8.99,71.99,medium,low,9,namesilo,,,23/09/2026 11:23
36c7d42b-0d14-4859-9386-180c1674400e,burial.codes,available,8.99,71.99,medium,low,6,namesilo,,,24/09/2026 11:18
9903af23-6fb5-4e07-80c9-b109648bcbf8,message.codes,resell,,,high,low,7,"NameCheap, Inc.",22/09/2021 02:55,22/09/2027 02:55,26/09/2026 07:31
686217cc-ef9e-497b-a0ed-8c0043f741bc,orientated.codes,available,3.98,92.98,high,low,10,namecheap,,,04/09/2026 17:54
28597af4-2015-4a37-9376-e6c0a84b1399,farah.codes,available,8.99,71.99,medium,low,5,namesilo,,,30/09/2026 05:37
02bf1f22-bed2-40d7-a41e-881b6d9e1e98,overripe.codes,available,3.98,92.98,medium,low,8,namecheap,,,04/09/2026 21:44
291ef86f-ab91-48cd-8103-dd2f551fdc9c,grieving.codes,available,3.98,92.98,medium,low,8,namecheap,,,09/08/2026 15:07
26b74202-68e8-456b-bb41-d8ac4531bb61,ambled.codes,available,8.99,71.99,medium,low,6,namesilo,,,20/09/2026 05:58
451addf6-a15e-4936-9d2e-3f3f92471900,gujarati.codes,available,8.99,71.99,high,low,8,namesilo,,,30/09/2026 09:59
4e3e7338-931a-4a5c-9e74-1e9c4e069a1b,hecht.codes,available,8.99,71.99,high,low,5,namesilo,,,23/09/2026 07:20
f975f61f-93b7-4440-b16b-ff6c8f07e651,peripheral.codes,available,3.98,92.98,high,low,10,namecheap,,,08/09/2026 17:14
e44fa61e-dd6b-4d25-84bb-b58bb000f3c1,trilogy.codes,available,8.99,71.99,high,low,7,namesilo,,,30/09/2026 03:04
c5fe1867-a3c6-4306-bebb-4efcf688c084,disordered.codes,available,3.98,92.98,medium,low,10,namecheap,,,14/08/2026 11:18
64d8d44f-a3c5-4b80-a126-c3636194fc82,alton.codes,available,8.99,71.99,high,low,5,namesilo,,,27/09/2026 07:13
593cf45c-488a-4477-ab12-bee58466dd4f,xlvii.codes,available,3.98,92.98,medium,low,5,namecheap,,,
49bb08ea-2817-4894-8179-83603490767c,sources.codes,available,8.99,71.99,medium,low,7,namesilo,,,17/09/2026 22:23
f78b0982-6703-4fb5-80b7-7251d0de7bc6,branding.codes,available,3.98,92.98,high,low,8,namecheap,,,24/09/2026 08:11
32242802-3c8d-4e3b-84a8-029fffc5844d,toulouse.codes,available,8.99,71.99,high,low,8,namesilo,,,27/09/2026 05:47
c7b7b549-a271-403f-addf-d47479c5e4ef,abstractly.codes,available,3.98,92.98,medium,low,10,namecheap,,,13/09/2026 16:42
977c48cd-0f27-469f-8e8b-bc0ad7b10da7,insignificant.codes,available,11.99,,medium,low,13,name.com,,,
31dfdc6d-eaf6-47c6-9696-f988f80360e1,amonra.codes,available,3.98,92.98,medium,low,7,namecheap,,,18/09/2026 18:34
07dd38f3-b1be-426e-9438-65cd34aa4e08,pagan.codes,available,3.98,92.98,medium,low,5,namecheap,,,18/08/2026 21:57
9a3890c9-d873-4736-abe5-9cbc6900ff30,disrepute.codes,available,8.99,71.99,medium,low,9,namesilo,,,24/09/2026 22:34
33e62dde-b331-4c69-bc89-61cf3a273ead,undated.codes,available,3.98,92.98,medium,low,7,namecheap,,,12/09/2026 06:58
4ec3b335-c0a6-47b9-9fc5-0dd05b6e7a01,publicity.codes,available,3.98,92.98,high,low,9,namecheap,,,30/09/2026 07:43
99cc7db7-10ae-4601-bb2d-f6ce041ca8f1,bardolatry.codes,available,8.99,71.99,medium,low,10,namesilo,,,22/09/2026 05:17
7f67346a-19ca-4c4a-8f65-cb5b5b3c5b0b,clxxv.codes,available,3.98,92.98,medium,low,5,namecheap,,,
e08bf15a-30d7-4e31-9a01-6865cad7d2d0,rewarding.codes,available,3.31,57.13,high,low,9,spaceship,,,27/09/2026 14:47
2ceb3635-f5bf-480e-88d9-d3a1a8f2a001,whiten.codes,available,3.98,92.98,medium,low,6,namecheap,,,28/09/2026 10:28
a9950ba5-01b7-483c-bd91-2dad0ab900cd,canal.codes,available,8.99,71.99,high,low,5,namesilo,,,29/09/2026 06:24
afc5467c-ebf0-4d01-9dab-c12a43ba7c56,eject.codes,available,3.31,57.13,high,low,5,spaceship,,,01/10/2026 03:53
bafbd954-5cc7-4a3a-a4a3-1c57c6ca1a0f,attended.codes,available,3.98,92.98,medium,low,8,namecheap,,,22/09/2026 11:17
e686ebde-bddb-4c7e-af7f-25f68e375de8,earl.codes,premium,99.5,,high,low,4,unstoppable,,,28/09/2026 05:33
27b625f2-a4e2-4bd0-8b03-a22e2204c45a,cozily.codes,available,3.98,92.98,medium,low,6,namecheap,,,14/09/2026 08:48
078a4c6f-867b-4304-aa23-aa67065e51f1,vowel.codes,available,55.2,55.2,high,low,5,cloudflare,,,29/09/2026 20:36
82e3529b-0ce4-40c7-be7e-490cabb300a9,gassy.codes,available,3.98,92.98,medium,low,5,namecheap,,,12/08/2026 16:36
2933f1ff-b91a-4074-b496-a849dfe83825,shoulder.codes,available,3.98,92.98,high,low,8,namecheap,,,20/09/2026 11:31
17334d3e-a432-4645-80f2-a4af5c188bfd,torch.codes,available,8.5,,high,low,5,unstoppable,,,28/09/2026 16:58
b2a26314-a1fc-4c3e-a209-b99ceabdc663,rifles.codes,available,8.99,71.99,low,low,6,namesilo,,,28/09/2026 08:46
2d8f0605-8bf1-4cf4-8b61-8685735bdae8,replay.codes,premium,118.8,118.8,high,low,6,namesilo,,,17/09/2026 05:07
0a7bda47-35de-49d0-9d5a-72b4a0d6060e,yorke.codes,available,8.99,71.99,medium,low,5,namesilo,,,29/09/2026 16:43
ecfeaaf6-0045-48ce-ab7b-e1193d8f4daa,indonesian.codes,available,3.98,92.98,high,low,10,namecheap,,,22/08/2026 03:20
9def86c0-8fb1-4dd7-a92d-bb806c1d5ac5,tributary.codes,available,3.98,92.98,high,low,9,namecheap,,,12/08/2026 20:32
30ec67fe-4e69-4d15-aee0-4d47f372c474,oriole.codes,available,3.98,92.98,high,low,6,namecheap,,,18/09/2026 20:26
f7f7e68d-5ed6-4e3c-8338-e581edde6df4,appellant.codes,available,3.98,92.98,medium,low,9,namecheap,,,06/08/2026 06:23
bcc93815-9ff7-4370-8d57-bb4d05c5078f,unwearable.codes,available,3.98,92.98,medium,low,10,namecheap,,,12/09/2026 22:31
5adc3a7f-b622-4e38-9c8b-a4f1d265a488,microphone.codes,available,8.99,71.99,high,low,10,namesilo,,,29/09/2026 08:27
1667be66-5382-4599-90f4-d0664a392245,proficiency.codes,available,11.99,,high,low,11,name.com,,,
6e3b3115-c294-42b9-affc-c63becd3bbe7,started.codes,available,8.99,71.99,medium,low,7,namesilo,,,18/09/2026 11:27
f1c441f2-fa59-4539-b899-0369995fb8dc,mie.codes,available,3.31,57.13,medium,low,3,spaceship,,,30/09/2026 13:22
d79bc5ce-1b96-4d0f-b078-7a9012b2e0e1,ascribe.codes,available,8.99,71.99,high,low,7,namesilo,,,21/09/2026 02:19
daf3a021-bf33-4e03-b970-6b511d273745,barclay.codes,available,3.98,92.98,high,low,7,namecheap,,,27/09/2026 03:05
74cd3b0c-e58c-484e-917b-4a7bc1a30a07,release.codes,premium,85.8,85.8,high,low,7,namecheap,,,24/09/2026 21:38
1f9a7961-d884-473a-bb94-11a49861aa2d,conyers.codes,available,8.99,71.99,medium,low,7,namesilo,,,30/09/2026 14:02
4794f3d6-f684-4067-a9a4-e444fcc8e2e6,risking.codes,available,3.31,57.13,medium,low,7,spaceship,,,30/09/2026 04:11
8d385cf8-27a7-4c03-ba39-bddedbe5a1bf,ballpark.codes,available,8.99,71.99,high,low,8,namesilo,,,19/09/2026 22:25
c576f031-ddcc-4ae4-945f-345e5b0138fe,correlated.codes,available,3.98,92.98,high,low,10,namecheap,,,13/08/2026 02:01
21d07cdf-8b81-440d-a230-66bc346212c4,revived.codes,available,3.98,92.98,high,low,7,namecheap,,,09/09/2026 11:00
1ff99ef2-431b-4d57-a95f-febe80e4508a,principles.codes,available,11.99,,high,low,10,name.com,,,
e8db63e0-81aa-46b3-9e2b-57486194533a,torturing.codes,available,3.98,92.98,medium,low,9,namecheap,,,
940ceea0-f346-469a-95c0-b8fa59c6f6cb,ascent.codes,available,8.99,71.99,high,low,6,namesilo,,,22/09/2026 09:19
bf60fe4b-bb51-45c1-b395-da6c63cbb8e7,bram.codes,available,55.2,55.2,medium,low,4,cloudflare,,,30/09/2026 21:24
1aa208e6-7b60-420e-9616-26916c5c3464,cresson.codes,available,3.98,92.98,medium,low,7,namecheap,,,13/08/2026 06:16
da8ce612-d31f-4792-b1cc-793401bba2f0,bohrium.codes,available,3.98,92.98,medium,low,7,namecheap,,,20/09/2026 22:07
cb3d0e64-70ee-44df-8a1e-60387ea6b5c2,shabby.codes,available,3.98,92.98,medium,low,6,namecheap,,,25/08/2026 06:58
a4a76d07-be10-4ebe-82c2-0eb8199fa854,holliday.codes,available,3.31,57.13,medium,low,8,spaceship,,,29/09/2026 04:32
e7629ce4-d888-4c6f-8ed3-72a2fdbce514,pitiful.codes,available,3.98,92.98,medium,low,7,namecheap,,,14/08/2026 02:27
145824f0-be8b-45c3-b8d7-32c14a327023,winifred.codes,available,55.2,55.2,medium,low,8,cloudflare,,,28/09/2026 21:52
b55001a5-494b-42a6-a914-af39c015af53,arabesque.codes,available,8.99,71.99,high,low,9,namesilo,,,19/09/2026 23:28
21b9a5f1-b1cc-437f-b322-b7923115aa53,marly.codes,available,3.98,92.98,medium,low,5,namecheap,,,24/08/2026 16:08
f3220116-482a-44dc-b7c1-986103f2470a,wavering.codes,available,3.98,92.98,medium,low,8,namecheap,,,13/09/2026 00:41
662aabbe-9bad-48e1-8350-53c699e4adf4,tickling.codes,available,3.98,92.98,high,low,8,namecheap,,,11/09/2026 15:27
f35bf6a9-d64e-4d19-bfd6-f08dc17e90c9,aga.codes,available,8.99,71.99,high,low,3,namesilo,,,17/09/2026 15:58
543d12f5-1d40-4ceb-8a00-69e650312a62,barbecued.codes,available,3.98,92.98,medium,low,9,namecheap,,,08/08/2026 16:25
b78ec7f1-9189-48bd-aef3-4c3a2f45fb09,choler.codes,available,8.99,71.99,medium,low,6,namesilo,,,19/09/2026 06:04
027b53b6-3c01-4647-8595-2d66baf69cbe,souse.codes,available,3.98,92.98,medium,low,5,namecheap,,,
2ed377a6-97eb-44fe-8112-c50b207417d7,homework.codes,available,8.99,71.99,high,low,8,namesilo,,,28/09/2026 06:00
51446681-6ff9-430d-b308-81485665b799,issues.codes,available,3.98,92.98,medium,low,6,namecheap,,,25/09/2026 21:11
7debd490-dcfb-47e9-99ef-80d9c8a4cb0d,millennium.codes,available,3.98,92.98,high,low,10,namecheap,,,24/08/2026 23:15
acab7ae9-7fb4-4414-b674-2eafefb36d59,georgie.codes,available,8.99,71.99,medium,low,7,namesilo,,,30/09/2026 04:43
0d2980c1-550e-432d-abbb-d3712ed50f3d,autarchic.codes,available,3.98,92.98,medium,low,9,namecheap,,,07/08/2026 18:36
0642ad62-73fb-4c57-8610-b5dcf28619d6,arable.codes,available,3.98,92.98,medium,low,6,namecheap,,,06/08/2026 11:14
f1cea8bc-2365-4746-952e-6504dd46e3ab,reversely.codes,available,3.98,92.98,medium,low,9,namecheap,,,15/09/2026 23:37
417acc2d-6bd1-4c4c-89b3-01f07eae55a6,spanish.codes,available,3.98,92.98,high,low,7,namecheap,,,28/09/2026 00:05
99deec45-9625-4469-a006-e669805983d0,olmsted.codes,available,3.31,57.13,medium,low,7,spaceship,,,28/09/2026 19:15
d760fa3f-33e1-46de-b47e-c39e5e6b312a,chores.codes,available,3.31,57.13,medium,low,6,spaceship,,,29/09/2026 17:46
4600f69a-4145-4c77-90de-77e3e1f40946,barack.codes,available,8.99,71.99,high,low,6,namesilo,,,28/09/2026 07:27
eda680e6-7db7-4ccc-bdc2-1ddfbb038f60,kellogg.codes,available,55.2,55.2,high,low,7,cloudflare,,,27/09/2026 14:32
60c26759-39a6-4c28-a8cb-5b8dcde9fa94,soil.codes,available,4.5,59.07,high,low,4,dynadot,,,28/09/2026 09:00
30ec2714-e874-451b-a555-cfe968dbb85e,allegation.codes,available,8.99,71.99,high,low,10,namesilo,,,18/09/2026 10:09
f1da0412-acf0-44b0-b89a-a92173c7db12,zoftig.codes,available,3.98,92.98,medium,low,6,namecheap,,,13/09/2026 14:58
982c980f-376f-4bff-add6-c7c60e0281c7,antinomy.codes,available,8.99,71.99,medium,low,8,namesilo,,,19/09/2026 14:49
22127ef2-c72e-44b8-a71b-869e3c90e32f,punishment.codes,available,3.98,92.98,high,low,10,namecheap,,,25/09/2026 09:51
71460052-e2ea-48aa-bdc7-46416f461fdd,yawn.codes,available,4.5,59.07,medium,low,4,dynadot,,,28/09/2026 11:12
588ab0ce-52a3-4f46-ac0b-2f84ca65a873,becomes.codes,available,8.99,71.99,medium,low,7,namesilo,,,27/09/2026 10:31
78f340ac-851d-4cc0-a14b-7bc369acd5c7,sars.codes,available,8.5,,medium,low,4,unstoppable,,,29/09/2026 20:17
39a01f28-5064-413b-ad51-1e2eb0ad5365,anticipant.codes,available,3.98,92.98,medium,low,10,namecheap,,,
4790c002-4731-4d47-aae5-811561334ab9,unsexy.codes,available,3.98,92.98,medium,low,6,namecheap,,,12/09/2026 19:23
9fe7f8b2-d956-454d-9293-2920e927e38c,subclass.codes,available,8.99,71.99,medium,low,8,namesilo,,,30/09/2026 11:06
fff68ddd-b8f3-47b0-bb7f-0e9e0b18ea0c,waterfowl.codes,available,8.99,71.99,high,low,9,namesilo,,,19/09/2026 17:39
4b253191-c23d-4f17-ae79-d88dc9c846bc,traitor.codes,available,8.99,71.99,high,low,7,namesilo,,,27/09/2026 13:08
1b9b694a-a87d-407d-8c0b-0c0bc3be3101,judged.codes,available,8.5,,low,low,6,unstoppable,,,28/09/2026 12:50
ffed1409-3cfa-4e77-86bc-589d38a13b65,question.codes,available,3.98,92.98,high,low,8,namecheap,,,25/09/2026 10:22
c374d7a4-adcf-446f-a11e-813d8c67bfa9,naif.codes,available,3.98,92.98,medium,low,4,namecheap,,,03/09/2026 12:52
897d5ab3-e1c1-43d9-af68-6e77329736be,behold.codes,available,4.63,57.16,high,low,6,porkbun,,,28/09/2026 15:34
622b7d16-9e55-4bc7-a3b9-f35427074d7e,atlanta.codes,premium,85.8,85.8,high,low,7,namecheap,,,20/09/2026 21:31
8799a7c4-99c9-415d-b291-fbfb4f827369,offspring.codes,available,3.31,57.13,high,low,9,spaceship,,,28/09/2026 11:24
79c83db6-89ad-4628-9bb3-90f6820c86ea,father.codes,available,8.99,71.99,high,low,6,namesilo,,,29/09/2026 02:01
e5247cf5-97d3-4124-8fb1-648e6250fc0f,bothering.codes,available,8.5,,medium,low,9,unstoppable,,,29/09/2026 21:27
e67c5ee5-c066-4b83-9e3d-a4987ee11e69,cheaper.codes,available,8.99,71.99,low,low,7,namesilo,,,28/09/2026 08:27
19e27088-f97e-42e9-9e43-6afd68aad54a,sejm.codes,available,3.31,57.13,high,low,4,spaceship,,,30/09/2026 20:42
adb7b4b0-2acc-4191-9c61-de308ed36c44,bosh.codes,available,8.99,71.99,medium,low,4,namesilo,,,21/09/2026 23:47
c8a6345a-7919-4296-9f60-1ef9f8fcde29,roaring.codes,available,3.98,92.98,high,low,7,namecheap,,,10/08/2026 19:21
17676214-5597-40d4-82c5-7751aad37388,betrayal.codes,available,8.99,71.99,medium,low,8,namesilo,,,23/09/2026 11:24
3d2c3051-a590-430d-922d-b3634dc4b147,winless.codes,available,3.98,92.98,medium,low,7,namecheap,,,13/09/2026 12:35
d6732101-dee1-4a4c-981a-4eb6d10b48da,examining.codes,available,8.99,71.99,high,low,9,namesilo,,,29/09/2026 08:41
55fde970-a2f6-4b65-94d8-f25dad9fd212,katari.codes,available,3.98,92.98,medium,low,6,namecheap,,,22/08/2026 15:12
10b65586-04cb-4dc3-91ba-cf135c3bdaf9,gratis.codes,premium,250,250,high,low,6,name.com,,,20/08/2026 18:35
30866c58-f7ad-43ea-9089-9b1a73c0a681,hindustani.codes,available,3.98,92.98,medium,low,10,namecheap,,,21/08/2026 09:35
9e5c9c30-c3f2-48a8-a45a-f192352d8bdd,proofed.codes,available,3.98,92.98,medium,low,7,namecheap,,,09/09/2026 03:24
a707d369-5d63-4f24-a503-29217a4d1754,surrounded.codes,available,3.98,92.98,high,low,10,namecheap,,,16/08/2026 22:16
5f898ce0-a017-46e4-bede-8c5f0ec5e18b,embodied.codes,available,3.98,92.98,high,low,8,namecheap,,,16/08/2026 09:35
d34fde65-277c-4cdd-9034-163f7e33576f,louvre.codes,available,3.31,57.13,high,low,6,spaceship,,,30/09/2026 10:29
2c252527-ccf2-45ec-9873-522f3c99618c,unsecured.codes,available,3.98,92.98,medium,low,9,namecheap,,,12/09/2026 01:41
836f12d2-dedd-443c-9429-efc955e107d7,xxvii.codes,available,3.98,92.98,medium,low,5,namecheap,,,
f057ae0f-c09b-4fb0-8f0d-031308691f64,teal.codes,available,8.99,71.99,high,low,4,namesilo,,,22/09/2026 23:03
76d45f40-45d2-461e-b612-88a793bb8861,cram.codes,available,3.98,92.98,high,low,4,namecheap,,,10/08/2026 18:14
da4373a6-a31a-430f-892f-4241fbb0da1f,adrenaline.codes,available,8.99,71.99,high,low,10,namesilo,,,17/09/2026 09:55
a03a3071-a222-4713-a7d0-7e67e119df3c,suffers.codes,available,8.99,71.99,low,low,7,namesilo,,,28/09/2026 17:03
b1d2c9b5-e657-4870-b331-3bf1749db113,uric.codes,available,3.98,92.98,medium,low,4,namecheap,,,12/09/2026 23:37
68f84f44-8549-47b1-8c7b-c9e89b13456c,famously.codes,available,3.98,92.98,high,low,8,namecheap,,,14/09/2026 16:46
e83be8dd-ca08-4f1d-9ab1-034091b485ca,proves.codes,available,8.99,71.99,medium,low,6,namesilo,,,18/09/2026 07:04
60711c04-0bb3-4d99-be92-3cb8ebabf25b,fundament.codes,available,3.98,92.98,medium,low,9,namecheap,,,09/08/2026 10:59
336c00ae-afcd-4218-8972-953f38e9b084,merely.codes,available,8.99,71.99,medium,low,6,namesilo,,,25/09/2026 12:17
d087673f-face-47ff-8400-b3983108913f,cashier.codes,available,8.99,71.99,high,low,7,namesilo,,,22/09/2026 02:24
1d3c4e47-12d8-4250-8931-eb1e401a4403,bats.codes,available,3.98,92.98,high,low,4,namecheap,,,06/08/2026 20:31
9a475ffc-41a9-4058-849d-64ff76758342,amniota.codes,available,8.99,71.99,medium,low,7,namesilo,,,18/09/2026 22:27
be49fe3d-c338-4cd7-8980-8d6ac2adddc3,dilemma.codes,available,8.99,71.99,high,low,7,namesilo,,,29/09/2026 14:57
c26631dc-f8c6-4fdc-952c-e6cca6124084,almoner.codes,available,8.99,71.99,medium,low,7,namesilo,,,18/09/2026 12:40
6b7cdbca-b8d3-4d6a-a2c0-f7f7230417fa,recording.codes,available,8.5,,high,low,9,unstoppable,,,30/09/2026 09:21
cfecf9f6-e45d-4b6c-8c2b-5defd787b690,esters.codes,available,8.99,71.99,low,low,6,namesilo,,,28/09/2026 13:25
3d63d43b-54e0-47c1-956c-223ffe79738d,nullified.codes,available,3.98,92.98,medium,low,9,namecheap,,,22/08/2026 08:56
3ceea907-7980-48a2-8293-7fb081231640,abls.codes,available,8.99,71.99,medium,low,4,namesilo,,,16/09/2026 16:13
32e750a5-cc23-4294-b5ff-b34c3e183a08,clonic.codes,available,3.98,92.98,medium,low,6,namecheap,,,12/08/2026 12:02
b44df13d-a46c-45d7-b97d-9899aeb89eca,arhat.codes,available,8.99,71.99,medium,low,5,namesilo,,,20/09/2026 05:05
70e40194-e2de-4cf7-b064-b44ed3da85fd,untraveled.codes,available,3.98,92.98,medium,low,10,namecheap,,,12/09/2026 21:42
cdb8d460-f8d3-4307-a29a-c6cec8ea8b6d,emerged.codes,available,55.2,55.2,medium,low,7,cloudflare,,,29/09/2026 16:31
30bcbf7a-98e2-45ef-82cd-ebc87bfbe3bd,ankle.codes,available,8.99,71.99,high,low,5,namesilo,,,19/09/2026 09:40
623edae2-0d01-40d7-afcc-ba20c46e3417,divisible.codes,available,3.98,92.98,high,low,9,namecheap,,,14/08/2026 13:57
57892260-9ef9-43ae-aa1a-7d6f7f84a5c0,binet.codes,available,8.99,71.99,medium,low,5,namesilo,,,18/09/2026 06:25
65cf4091-2c3a-4172-bd88-b0b12a3e7090,agog.codes,available,3.98,92.98,medium,low,4,namecheap,,,
45c2b232-1282-44dd-9540-d534b5efcba0,dispose.codes,available,3.98,92.98,high,low,7,namecheap,,,29/09/2026 15:24
8e39a4de-491e-4594-a1d8-671a8298ee34,annelida.codes,available,3.98,92.98,medium,low,8,namecheap,,,19/09/2026 10:23
aabe65a9-7faf-41cd-9da8-674592345ca0,abandoned.codes,available,8.99,71.99,high,low,9,namesilo,,,21/09/2026 13:36
343c2535-5fb2-4acd-8fd9-fe1620c6e2b2,innovate.codes,available,8.99,71.99,high,low,8,namesilo,,,29/09/2026 02:37
fe9e63ee-9d32-4dd3-94f8-1303ce478400,hawthorne.codes,available,8.99,71.99,high,low,9,namesilo,,,30/09/2026 10:05
0022a874-3bda-4df3-a0eb-f8e80cfd3578,clawed.codes,available,3.98,92.98,medium,low,6,namecheap,,,12/08/2026 10:02
ec19f945-21f0-4876-87b2-c2da8f4ad0e2,rifle.codes,available,8.99,71.99,high,low,5,namesilo,,,27/09/2026 04:01
0af38a86-be86-4108-a160-69f14a7faf76,hairbrush.codes,available,11.99,,high,low,10,name.com,,,
8aed9e9b-e29f-4034-b2bd-a7d0c9e2ab0d,overleaf.codes,available,3.98,92.98,medium,low,8,namecheap,,,15/09/2026 18:27
0a05f811-c1a2-40ad-ad43-25aab0a31492,whorehouse.codes,available,3.98,92.98,medium,low,10,namecheap,,,21/09/2026 18:13
37413af5-f61b-48be-83e5-fbd560055750,ovular.codes,available,3.98,92.98,medium,low,6,namecheap,,,04/09/2026 22:12
19306236-6fb3-41d2-b749-ae8de93aba52,carmelite.codes,available,3.98,92.98,medium,low,9,namecheap,,,11/08/2026 19:22
94a5ea5b-1faf-43f6-9b25-972b57261c11,quail.codes,available,8.99,71.99,high,low,5,namesilo,,,01/10/2026 02:11
eaa084ff-7f09-41b8-900c-6ea2e16891a1,casteless.codes,available,3.98,92.98,medium,low,9,namecheap,,,11/08/2026 20:25
f237e38f-3b59-48b0-9115-80409263472e,commandments.codes,available,8.99,71.99,medium,low,12,namesilo,,,30/09/2026 07:22
bff8dba7-bec4-4dde-af6a-9d14d9387e09,announcing.codes,available,3.31,57.13,medium,low,10,spaceship,,,29/09/2026 05:34
86428f6c-ff66-466d-9a3f-f20f664b6335,folder.codes,available,55.2,55.2,high,low,6,cloudflare,,,29/09/2026 03:36
9fd308a1-acf7-439a-9bd3-2c018c0a9705,zarqa.codes,available,8.99,71.99,medium,low,5,namesilo,,,21/09/2026 10:58
cdde4acf-3070-4d51-90c3-e9038a1e26a0,lockdown.codes,available,9.99,121.99,high,low,8,godaddy,,,30/09/2026 02:10
c2d3fe0e-83f3-478c-b45d-5092feb30cc3,untangled.codes,available,3.98,92.98,medium,low,9,namecheap,,,12/09/2026 20:57
cd735ad2-c638-4b48-9ae4-2afa81fec4bf,diode.codes,available,3.98,92.98,high,low,5,namecheap,,,24/09/2026 20:00
779ff393-df26-4c9e-bf30-c28aca37222d,corinthian.codes,available,3.98,92.98,high,low,10,namecheap,,,13/08/2026 01:16
994cd1b5-d9a4-46c3-b3be-e71729f47f70,slavic.codes,available,3.98,92.98,high,low,6,namecheap,,,10/09/2026 10:36
c532b026-4b35-41fa-95c2-677dbf2caa25,horrors.codes,available,8.99,71.99,medium,low,7,namesilo,,,30/09/2026 00:17
5e05c45a-067d-446e-970a-a1d8e29b1440,vomit.codes,available,3.98,92.98,high,medium,5,namecheap,,,10/09/2026 07:32
aff279d1-07dc-4b88-be6a-86193fd358da,solidarity.codes,available,3.31,57.13,high,low,10,spaceship,,,30/09/2026 02:56
ec01b876-ffc5-44ef-bbb2-fbe9e6fb94ab,kilobyte.codes,available,8.5,,high,low,8,unstoppable,,,30/09/2026 01:18
a8a56413-d9ac-4e9c-a898-fd0c7936c3f1,elusive.codes,available,3.98,92.98,medium,low,7,namecheap,,,08/08/2026 08:07
daec0fd6-fe7f-4e61-8b86-256152d52c85,roughly.codes,available,3.98,92.98,high,low,7,namecheap,,,21/09/2026 14:14
362b66db-1b10-4398-af9d-b83df94e4e08,originals.codes,available,55.2,55.2,high,low,9,cloudflare,,,30/09/2026 07:08
879de6c7-3c3b-4b69-a2d4-dfa762909bda,powered.codes,available,3.98,92.98,high,low,7,namecheap,,,27/09/2026 04:51
1e797631-88fc-486b-8ece-897c854b82b6,cathouse.codes,available,3.98,92.98,medium,low,8,namecheap,,,21/09/2026 18:24
34e5c959-a6c1-4580-8571-0a8bedfb5362,jain.codes,available,3.98,92.98,high,low,4,namecheap,,,22/08/2026 12:04
b0ac6efc-2f8f-43e2-bfbf-018a9c30af88,reform.codes,available,8.99,71.99,high,low,6,namesilo,,,28/09/2026 15:13
f014cfe6-ee6b-4cee-b68a-f6e8cd5da66e,geography.codes,available,3.98,92.98,high,low,9,namecheap,,,28/09/2026 19:20
397e897b-9b06-4440-be41-42e381c75c76,displaced.codes,available,8.99,71.99,medium,low,9,namesilo,,,30/09/2026 14:21
ae41772c-8fd5-4780-99a7-db05fc700fc5,smashingly.codes,available,3.98,92.98,medium,low,10,namecheap,,,16/09/2026 02:49
7ee5be2f-1095-49be-be32-2760f70e748e,wavy.codes,available,3.98,92.98,high,low,4,namecheap,,,13/08/2026 06:54
8d635479-20f5-4360-b5db-fd089dd68623,enclothe.codes,available,3.98,92.98,medium,low,8,namecheap,,,19/09/2026 19:54
0cf6c9f0-4d35-44e7-bbc6-47b95cec70fa,jumentous.codes,available,3.98,92.98,low,low,9,namecheap,,,22/08/2026 14:21
7900dcf3-34ed-4a08-bc6c-fb704b98b818,presidency.codes,available,55.2,55.2,high,low,10,cloudflare,,,29/09/2026 13:43
2472dadf-8769-43e1-8ce8-96bb58f03f97,kendrick.codes,available,8.99,71.99,medium,low,8,namesilo,,,28/09/2026 08:02
8f5409e6-aa33-4b78-a2b5-621633837a60,aunts.codes,available,8.99,71.99,medium,low,5,namesilo,,,18/09/2026 15:51
b6e5fb55-bce4-4fff-9ab0-b39d3652d5a4,hearing.codes,available,3.98,92.98,high,low,7,namecheap,,,24/09/2026 23:40
8cb1a7fb-67a8-48e6-b0cb-86e3fc8a596d,cheer.codes,available,8.99,71.99,high,low,5,namesilo,,,24/09/2026 14:09
7971cef8-2567-4f1b-8976-36f82652e613,grunt.codes,available,8.99,71.99,high,low,5,namesilo,,,01/10/2026 02:20
7a511d68-24b2-48c2-a6bf-21ad1177e24a,prominence.codes,available,3.98,92.98,high,low,10,namecheap,,,24/09/2026 11:05
9f8c1a74-697c-4c7d-b893-4f50dae37b52,burping.codes,available,8.99,71.99,medium,low,7,namesilo,,,23/09/2026 04:38
93db9d4e-548f-48ee-a9e7-34206a5537ac,magnesium.codes,available,8.99,71.99,high,low,9,namesilo,,,20/09/2026 22:22
a0ca3936-b8ad-43da-870f-11a9f14fc3e5,mandela.codes,available,55.2,55.2,high,low,7,cloudflare,,,28/09/2026 14:49
b764e2a1-35af-44e8-99ec-8847bc5a7388,pelvis.codes,available,3.31,57.13,medium,low,6,spaceship,,,29/09/2026 19:56
e51077f9-088e-4b7f-8743-ca8c55074622,oversewn.codes,available,3.98,92.98,medium,low,8,namecheap,,,04/09/2026 21:48
3dc1ba85-d895-40c2-8cfc-c0d737dfa473,subsaharan.codes,available,8.99,71.99,medium,low,11,namesilo,,,30/09/2026 12:27
c9646b18-88c6-4f52-8a76-9381d5d42e0a,uncultivated.codes,available,8.99,71.99,medium,low,12,namesilo,,,01/10/2026 05:35
cec319e4-b1ea-4f07-ae35-98c75939cc4b,filler.codes,available,8.99,71.99,medium,low,6,namesilo,,,30/09/2026 17:19
8b4e7001-c20f-4182-a207-81fe079270b1,mcnamara.codes,available,8.99,71.99,medium,low,8,namesilo,,,27/09/2026 08:09
9d3be7e3-9e31-4659-9706-a99e5d3d7120,tectonics.codes,available,8.99,71.99,medium,low,9,namesilo,,,20/09/2026 02:14
a4fc5f66-f10a-4820-9d35-941448e4daf7,variegate.codes,available,3.98,92.98,medium,low,9,namecheap,,,25/08/2026 08:26
1f96c95f-1a42-409f-a490-9a97fb137f6f,buttercup.codes,available,8.99,71.99,high,low,9,namesilo,,,24/09/2026 11:18
3c5858f7-6e3d-4bda-b3a2-c7ee3201e313,prefers.codes,available,8.99,71.99,medium,low,7,namesilo,,,20/09/2026 07:15
9f90d8e3-ede7-4078-96c2-113006c989d3,venial.codes,available,3.98,92.98,medium,low,6,namecheap,,,18/08/2026 12:00
cb231722-1058-4150-add7-61fb7c6424ea,mapped.codes,available,8.99,71.99,medium,low,6,namesilo,,,30/09/2026 14:20
1cd993df-4131-4967-abc9-c0cad828e356,astute.codes,available,8.99,71.99,high,low,6,namesilo,,,22/09/2026 10:35
28102824-97eb-468a-bb0c-45ed29f0bc73,starved.codes,available,3.98,92.98,medium,low,7,namecheap,,,17/08/2026 13:45
7d609d3d-949f-48e2-a0f2-f1d8f79795e5,scalene.codes,available,3.98,92.98,medium,low,7,namecheap,,,09/09/2026 22:25
bfa76efd-9d87-4c4f-b447-f74b9182ac5f,cystic.codes,available,7.99,86.99,medium,low,6,name.com,,,13/08/2026 14:36
3424ce33-694c-467e-8c42-cdfcd5d9cb1c,wastewater.codes,available,3.98,92.98,medium,low,10,namecheap,,,15/08/2026 15:34
a42d205c-0960-4deb-8b69-eddff88910da,wrought.codes,available,3.98,92.98,high,low,7,namecheap,,,25/08/2026 03:48
8da87f91-0c57-4cb1-a3a5-5d34ce88fa9e,hainan.codes,available,8.99,71.99,medium,low,6,namesilo,,,30/09/2026 05:03
5134c270-792e-431f-809e-fd7ed8b81d2e,yelling.codes,available,3.98,92.98,high,low,7,namecheap,,,28/09/2026 06:53
b6a858cd-bf03-4c3d-b1d3-0c7f733ffb3e,collateral.codes,available,3.98,92.98,high,low,10,namecheap,,,12/08/2026 16:42
f2ea15fc-93cc-4f05-b41b-f49a336695f2,salzburg.codes,available,3.31,57.13,high,low,8,spaceship,,,28/09/2026 03:02
c5c577e5-ea43-42ea-b824-fdde41a6f0da,clapham.codes,available,3.31,57.13,medium,low,7,spaceship,,,30/09/2026 21:21
ba5050e7-8919-4667-baba-8b84971d986e,vehicles.codes,available,8.99,71.99,medium,low,8,namesilo,,,16/09/2026 11:23
e99106dc-6ffe-4cd6-b643-fd04b726e1a9,principe.codes,available,8.99,71.99,medium,low,8,namesilo,,,01/10/2026 03:22
517683d0-f6f8-43c4-8cef-38f8b8f4997c,acrylamide.codes,available,8.99,71.99,medium,low,10,namesilo,,,17/09/2026 04:00
78500aa7-fc6d-474d-9047-ba6d5a57255d,mutations.codes,available,8.99,71.99,medium,low,9,namesilo,,,30/09/2026 16:14
1a010e4a-eb7f-4f9c-b320-7e3f6161fe14,floodlit.codes,available,3.98,92.98,medium,low,8,namecheap,,,18/08/2026 08:47
ffd9809a-305d-4ba0-ae5a-84c3978d4179,sculpt.codes,available,8.99,71.99,high,low,6,namesilo,,,25/09/2026 13:49
52296c6f-1987-47d8-9a22-e8b7f1f4622f,difficulties.codes,available,3.98,92.98,high,low,12,namecheap,,,17/09/2026 21:37
9004b13b-b517-4e84-bab0-6ab99f72e069,adjustable.codes,available,3.98,92.98,high,low,10,namecheap,,,21/09/2026 18:40
58e79ece-9f2b-4341-9361-c50c629afeed,inhabit.codes,available,3.98,92.98,high,low,7,namecheap,,,24/08/2026 07:51
d5855df2-a3b6-43e6-b8e1-b530d2455d06,unresolved.codes,available,3.98,92.98,medium,low,10,namecheap,,,14/08/2026 12:57
77a6f42b-d91a-4d5e-9b98-1e2caa897eeb,anticipated.codes,available,3.98,92.98,high,low,11,namecheap,,,08/09/2026 14:34
3ed7982d-12bd-457b-ae34-385dfa9858cc,multiple.codes,available,8.99,71.99,high,low,8,namesilo,,,25/09/2026 22:06
8d14f150-820a-4fd5-84d3-433ab9433e6e,rendering.codes,available,3.31,57.13,high,low,9,spaceship,,,29/09/2026 19:21
de06c158-43cb-4768-b0e5-469dfd859d0e,germfree.codes,available,3.98,92.98,high,low,8,namecheap,,,18/08/2026 22:48
64594238-8158-4a8c-bad7-3048fd5dffe4,styles.codes,available,3.98,92.98,high,low,6,namecheap,,,28/09/2026 22:23
88db5163-0d13-45cd-b2c8-2864a33fae47,digger.codes,available,3.98,92.98,high,low,6,namecheap,,,29/09/2026 06:38
de403c2a-d805-4ab2-aa01-720f36b714b9,amply.codes,available,3.98,92.98,medium,low,5,namecheap,,,13/09/2026 19:37
9697ff62-2b0e-4ba2-af8a-8843f814be50,infidelity.codes,available,8.5,,medium,low,10,unstoppable,,,30/09/2026 01:58
a71d0956-d168-44ad-8dc3-8a44c18a80c9,arborist.codes,available,3.98,92.98,medium,low,8,namecheap,,,20/09/2026 00:51
d047cd3c-bb7f-4539-b8f0-8c4c3e5e7074,galleries.codes,available,3.98,92.98,medium,low,9,namecheap,,,30/09/2026 07:08
87d8f469-b09e-46f4-b29b-9dc270ed6927,herzegovina.codes,available,8.99,71.99,medium,low,11,namesilo,,,27/09/2026 18:47
7d52469b-2cbb-41fe-b52c-b4456231bb69,teasing.codes,available,3.98,92.98,high,low,7,namecheap,,,22/09/2026 05:24
df8cc788-4583-46c8-b017-e3b2c85a9a82,franchise.codes,available,3.98,92.98,high,low,9,namecheap,,,24/09/2026 21:02
dd1be170-2994-4205-9769-96f8bc8ab298,violent.codes,available,3.98,92.98,high,low,7,namecheap,,,11/09/2026 09:46
deae993c-713a-4cc0-8b18-dd79fdadf1f3,baseless.codes,available,3.98,92.98,medium,low,8,namecheap,,,08/08/2026 21:44
31cb16b8-19e0-4201-b0a4-120e046b72e8,provincial.codes,available,3.98,92.98,medium,low,10,namecheap,,,11/08/2026 07:37
93d73d5b-f065-4079-833c-b112a127568c,irenic.codes,available,3.98,92.98,medium,low,6,namecheap,,,22/08/2026 09:48
7f56a099-52e7-4a55-91d0-baaaa0e85642,bizarre.codes,available,3.98,92.98,high,low,7,namecheap,,,22/09/2026 21:11
28ec669e-d153-4983-8afc-113f959ed11b,restrain.codes,available,8.99,71.99,medium,low,8,namesilo,,,30/09/2026 03:00
df2872a0-34c7-4038-ab78-915dce400a84,alimony.codes,available,3.31,57.13,medium,low,7,spaceship,,,28/09/2026 20:27
48d14bfb-aa1c-4ac2-bb8d-817f38c4ce89,anyplace.codes,available,3.98,92.98,medium,low,8,namecheap,,,13/09/2026 20:15
baf57395-ca32-4ab9-8eca-83b3055e1003,domingo.codes,available,8.99,71.99,high,low,7,namesilo,,,25/09/2026 04:55
8b5a6ac0-294d-45c2-9176-c99901d74172,adequate.codes,available,3.98,92.98,high,low,8,namecheap,,,21/09/2026 18:22
b201d0f7-6336-4b73-99ff-384a934b7fbd,prissy.codes,available,3.98,92.98,medium,low,6,namecheap,,,04/09/2026 21:22
c14cfd0f-f7a2-48ea-ab58-85aacd7bc115,backfire.codes,available,8.99,71.99,high,low,8,namesilo,,,21/09/2026 15:28
bba5700a-933e-4cd5-a6ef-6dcd162cab31,milliliter.codes,available,3.98,92.98,medium,low,10,namecheap,,,11/08/2026 22:53
424aa7d4-aae7-4bdc-a620-28dcfaa7dcf9,minerals.codes,available,8.99,71.99,high,low,8,namesilo,,,30/09/2026 06:24
5168a3ad-43b9-4149-a135-884f19e45d51,frankly.codes,available,3.98,92.98,high,low,7,namecheap,,,14/09/2026 05:08
75e523b0-6618-4493-8032-67cfbe459164,organize.codes,available,3.98,92.98,high,low,8,namecheap,,,23/09/2026 23:13
99ba9ce5-6f50-4a27-ba91-7470825fda0e,diplomacy.codes,available,4.63,57.16,high,low,9,porkbun,,,29/09/2026 15:04
6e28a7e7-66fe-4438-b6e9-9671ae7693f7,jewels.codes,available,8.99,71.99,high,low,6,namesilo,,,18/09/2026 06:31
d9955a96-5790-4d8c-a4af-25d4519d2997,honolulu.codes,premium,78.54,78.54,medium,low,8,namesilo,,,29/09/2026 00:20
cbc6a748-184b-41c8-9fe9-f92e40a1d9ce,nor.codes,premium,85.8,85.8,high,low,3,namecheap,,,01/10/2026 00:50
fd62eb19-b034-49dc-9b2f-530a90d58e4a,badinage.codes,available,8.99,71.99,medium,low,8,namesilo,,,21/09/2026 17:13
a5c0c509-891f-4206-99f9-95ce40f340a9,classic.codes,available,3.98,92.98,high,low,7,namecheap,,,12/08/2026 09:43
775ef5a6-b8c4-41be-b353-d6a9d1ac9a56,gatherer.codes,available,8.99,71.99,high,low,8,namesilo,,,16/09/2026 23:20
52b5925b-5a61-4395-8843-0436eb53b56e,speechless.codes,available,3.98,92.98,medium,low,10,namecheap,,,19/09/2026 16:52
c374633a-3067-4aba-9d18-128d786fffab,daydreams.codes,available,3.98,92.98,medium,low,9,namecheap,,,19/09/2026 21:17
0b9cb829-d0e3-40e2-9d4f-d35ab4a887c5,denied.codes,available,8.99,71.99,low,low,6,namesilo,,,27/09/2026 02:21
35add81f-e65b-44c9-80a3-b9fed1d93d9c,canby.codes,available,55.2,55.2,medium,low,5,cloudflare,,,30/09/2026 14:04
3f40b2d2-1d7c-4f9d-99e7-f52f2d096d44,items.codes,available,8.5,71.99,medium,low,5,unstoppable,,,30/09/2026 21:02
309ae4af-a562-49ea-9e71-b52baf41fa16,glial.codes,available,3.98,92.98,medium,low,5,namecheap,,,20/08/2026 14:24
1e69689e-4dbc-4339-8230-81d76c7005c9,saginaw.codes,available,8.99,71.99,medium,low,7,namesilo,,,28/09/2026 03:02
88b4868c-5f51-49ab-909c-7548b18c0f7b,beldame.codes,available,8.99,71.99,medium,low,7,namesilo,,,23/09/2026 04:46
b4b115ce-42dc-44ea-a68b-466969a9db07,probiotic.codes,available,55.2,55.2,high,low,9,cloudflare,,,28/09/2026 02:50
10023dce-8f71-47a9-843e-b0edae4bb578,antidotal.codes,available,3.98,92.98,medium,low,9,namecheap,,,
82efc72f-b96e-40ef-9d14-40123b1bd19c,benito.codes,available,55.2,55.2,medium,low,6,cloudflare,,,27/09/2026 19:23
be03448b-19b9-41ed-97f9-257939ce5ae1,accept.codes,available,3.98,92.98,high,low,6,namecheap,,,29/09/2026 11:06
db40aa3a-fa2d-4df2-92e5-646296d04415,preach.codes,available,8.99,71.99,high,low,6,namesilo,,,28/09/2026 15:35
02af22b3-90f7-44e0-a18d-5fc2bc678bac,agnathan.codes,available,3.98,92.98,medium,low,8,namecheap,,,17/09/2026 18:33
fbe43b49-4102-474e-bf32-f0e038427925,thief.codes,available,8.5,,high,low,5,unstoppable,,,30/09/2026 11:55
e8a1faae-142d-4c06-83d0-d0931336eaec,blowhard.codes,available,3.98,92.98,medium,low,8,namecheap,,,11/08/2026 01:19
5f9fd3a7-2ab2-48c6-b0ff-a208057905a4,shortage.codes,available,55.2,55.2,medium,low,8,cloudflare,,,28/09/2026 18:53
640fb074-3573-4c80-94d3-88c58afa18e4,centesimal.codes,available,,,medium,low,10,,,,
890a7a49-ed19-4998-b9d9-1f2867821a56,lackey.codes,available,8.99,71.99,medium,low,6,namesilo,,,20/09/2026 15:38
c10b05cf-af9a-453b-a03d-7c863e794221,blizzard.codes,available,3.31,57.13,medium,low,8,spaceship,,,29/09/2026 00:11
b65b3921-42ae-4755-9428-bd1c41675372,putin.codes,available,8.99,71.99,medium,low,5,namesilo,,,28/09/2026 02:59
805ef776-de2e-4b35-9fd8-6784c8e9d4cc,optional.codes,available,3.98,92.98,high,low,8,namecheap,,,04/09/2026 17:10
67d92284-19cc-40d5-a867-e93d9d8cb700,acidosis.codes,available,8.99,71.99,medium,low,8,namesilo,,,17/09/2026 01:28
dfe19a06-0d09-4450-b9d4-0a3892c5ccc7,torso.codes,available,3.98,92.98,high,low,5,namecheap,,,29/09/2026 08:14
9ee3b396-80be-4216-9da8-5ba7b080a468,ssi.codes,available,11.99,,high,low,3,name.com,,,
402255ee-f883-46bf-9486-493865ec150f,andalusia.codes,available,8.99,71.99,high,low,9,namesilo,,,19/09/2026 03:57
06241b94-53e4-43ae-8ca9-76bcc84f3c2c,renascent.codes,available,3.98,92.98,high,low,9,namecheap,,,09/09/2026 13:55
df6bc4a1-d68f-4e96-aa56-374eff560071,gimcrack.codes,available,3.98,92.98,medium,low,8,namecheap,,,18/08/2026 06:39
8a0da111-b7cc-412c-9882-73afd3578d11,channels.codes,available,8.99,71.99,high,low,8,namesilo,,,29/09/2026 08:04
03d1101f-6e63-48d0-8d81-dc9fd3e42bf7,boxed.codes,available,3.98,92.98,high,low,5,namecheap,,,11/08/2026 00:02
df4f48e2-df15-4fa2-b2ff-2865d09de5a4,outlaw.codes,available,8.99,71.99,high,low,6,namesilo,,,24/09/2026 01:44
09504750-bf93-472e-87fa-abbd7e6c1336,laden.codes,available,3.98,92.98,medium,low,5,namecheap,,,22/08/2026 18:30
fb48fd80-92b9-490a-9d8a-32bdd4e6e6a4,reminiscent.codes,available,3.31,57.13,high,low,11,spaceship,,,30/09/2026 11:29
a92c8020-6601-4cd4-a237-d7382c6e92fc,shuttered.codes,available,3.98,92.98,medium,low,9,namecheap,,,10/09/2026 07:21
ac1b4918-45c4-43a0-8f29-9040409cbe89,juliet.codes,available,8.5,,high,low,6,unstoppable,,,28/09/2026 03:46
19e9ff4d-5c80-43bf-96fc-e68d07c4fdbf,acreage.codes,available,3.98,92.98,high,low,7,namecheap,,,17/09/2026 02:51
badbfbbc-223b-4404-9217-4495e5b240e9,newsstand.codes,available,8.99,71.99,medium,low,10,namesilo,,,17/09/2026 05:46
7c7f450a-35d6-4914-a5f7-e7c8a47eacda,exploits.codes,available,4.63,57.16,medium,low,8,porkbun,,,30/09/2026 15:37
ca39c967-93c1-471d-ae96-6318abe3e822,alteration.codes,available,8.99,71.99,high,low,10,namesilo,,,18/09/2026 14:42
df50b499-054f-4c50-b89e-cbfbd59f6a5d,thin.codes,available,3.98,92.98,high,low,4,namecheap,,,14/08/2026 07:47
e708a7cd-ff57-4fd2-80fb-1a9104f62361,tuscan.codes,available,3.98,92.98,high,low,6,namecheap,,,11/09/2026 21:27
9226da34-03b9-4262-950f-a7c84685618f,latin.codes,available,3.98,92.98,high,low,5,namecheap,,,22/08/2026 20:39
97b59e7e-2ba0-4ea1-a19e-c5c54e1f0ff7,pacifier.codes,available,8.99,71.99,high,low,8,namesilo,,,21/09/2026 13:07
317c65ce-7bc2-4ac8-ae9e-f7240be27056,antigram.codes,available,8.99,71.99,low,low,8,namesilo,,,19/09/2026 14:31
8dff73c8-3d74-4c9d-96e1-bca34e9c4fa5,signed.codes,available,3.98,92.98,high,low,6,namecheap,,,18/08/2026 22:58
0807d45b-3928-4d8b-8a3b-0771293c9fe4,antonia.codes,available,3.31,57.13,medium,low,7,spaceship,,,28/09/2026 16:29
b363fbe9-4406-4275-8fa4-bdf1f2cdb17f,watches.codes,available,8.99,71.99,high,low,7,namesilo,,,16/09/2026 10:07
391647d2-566f-40dd-ae24-a1632a9cef98,enlarge.codes,available,3.98,92.98,high,low,7,namecheap,,,15/08/2026 23:49
e612dbde-fcae-4865-8fcd-f545f69ded33,galilean.codes,available,3.98,92.98,medium,low,8,namecheap,,,18/08/2026 19:37
2c8750f3-157a-4e9e-8e5c-4ec7383778cd,dispute.codes,available,55.2,55.2,medium,low,7,cloudflare,,,28/09/2026 13:42
0e6eec53-cdc4-494c-803a-0201888d184d,fourteen.codes,available,8.99,71.99,high,low,8,namesilo,,,21/09/2026 11:38
6c369f4c-495d-4d2b-b1bb-4c2673e7648d,points.codes,available,11.99,,high,low,6,name.com,,,
04c402bb-4868-421e-8726-4942ebf1ad3e,sewn.codes,available,3.98,92.98,medium,low,4,namecheap,,,10/09/2026 05:07
cf1376b4-a308-4ca1-9d84-cf4717b016e0,armeria.codes,available,8.99,71.99,medium,low,7,namesilo,,,20/09/2026 06:43
a2554ccd-62b2-4958-a0d8-e65c0f9c23df,iit.codes,available,55.2,55.2,high,low,3,cloudflare,,,30/09/2026 04:30
d508d9b3-fd81-4c23-8383-25169146aed7,optimized.codes,available,3.31,57.13,high,low,9,spaceship,,,27/09/2026 22:29
19846fdd-4e06-4ff3-8706-21242420dd91,filiform.codes,available,3.98,92.98,medium,low,8,namecheap,,,18/08/2026 04:04
6bcfc487-7206-48be-bfbc-ada3a81b1854,apodemus.codes,available,3.98,92.98,medium,low,8,namecheap,,,19/09/2026 18:19
db62909f-881d-43ca-b4a0-bcc111380ed6,appetite.codes,available,3.98,92.98,high,low,8,namecheap,,,19/09/2026 20:41
76b12484-ef05-475c-adea-03ed36f62b77,improvable.codes,available,3.98,92.98,medium,low,10,namecheap,,,21/08/2026 23:14
6e3c3dc6-bb5c-46f3-882d-72d39b63ea26,whittier.codes,available,3.31,57.13,medium,low,8,spaceship,,,28/09/2026 10:10
877fa9e8-b9dd-4aef-9c45-2aeda00f9659,allotted.codes,available,3.98,92.98,high,low,8,namecheap,,,
0304e2a8-3f7f-4c1e-8c2d-fce490057874,roadster.codes,available,3.98,92.98,high,low,8,namecheap,,,11/08/2026 08:06
944cb866-fa8b-4b60-a164-87ed7ff4043c,romantic.codes,available,3.98,92.98,high,low,8,namecheap,,,22/09/2026 03:28
5d9e5ec9-7a16-440e-b950-0cb13dc48b02,auricle.codes,available,7.99,86.99,medium,low,7,name.com,,,21/09/2026 00:43
fb08ca94-1e7c-49df-8455-c1a44e5d5b6d,coke.codes,available,8.99,71.99,high,low,4,namesilo,,,27/09/2026 03:32
a866ae65-4b9a-4f88-9c6c-8241429f5f0e,contemplation.codes,available,8.99,71.99,medium,low,13,namesilo,,,16/09/2026 21:40
82a4d3b4-9635-4c36-a332-2571a5fb2bd8,maidens.codes,available,11.99,,high,low,7,name.com,,,
fd232b49-ffd3-4443-8f1d-6df07df7a115,lsd.codes,available,55.2,55.2,high,low,3,cloudflare,,,28/09/2026 06:12
09c74779-8f06-40e1-9d17-4c3911df48c6,collide.codes,available,7.99,86.99,high,low,7,name.com,,,24/09/2026 15:18
407afb57-3119-4061-a7cc-2825264e08a4,misprint.codes,available,3.98,92.98,medium,low,8,namecheap,,,24/08/2026 02:49
fb2dd3fc-0be5-42f7-8efb-a31a84b1bfb6,valent.codes,available,3.98,92.98,medium,low,6,namecheap,,,13/09/2026 00:54
df674f52-13db-4a27-a624-646ad4c1d70d,consul.codes,available,8.99,71.99,high,low,6,namesilo,,,24/09/2026 17:37
78f314d9-20d5-46b3-94f7-2dfcb2e13195,chalkboards.codes,available,3.98,92.98,low,low,11,namecheap,,,19/09/2026 23:25
cced26ba-0b9f-4183-b5d2-e55da7232ef1,cello.codes,available,55.2,55.2,high,low,5,cloudflare,,,30/09/2026 01:01
51730691-4d69-42ce-a356-37fc9dffbe0a,afferent.codes,available,3.98,92.98,high,low,8,namecheap,,,